Date,Season,HomeTeam,AwayTeam,FTHG,FTAG,FTR,PSH,PSD,PSA,HomeRating_Overall,HomeRating_Attack,HomeRating_Midfield,HomeRating_Defence,HomeRating_Players,HomeRating_StartingXI_AvgAge,AwayRating_Overall,AwayRating_Attack,AwayRating_Midfield,AwayRating_Defence,AwayRating_Players,AwayRating_StartingXI_AvgAge,HomeUnderstat_M,HomeUnderstat_W,HomeUnderstat_D,HomeUnderstat_L,HomeUnderstat_G,HomeUnderstat_GA,HomeUnderstat_PTS,HomeUnderstat_xG,HomeUnderstat_xGA,HomeUnderstat_xPTS,AwayUnderstat_M,AwayUnderstat_W,AwayUnderstat_D,AwayUnderstat_L,AwayUnderstat_G,AwayUnderstat_GA,AwayUnderstat_PTS,AwayUnderstat_xG,AwayUnderstat_xGA,AwayUnderstat_xPTS
2021-08-13,2021-2022,brentford,arsenal,2,0,H,4.05,3.46,2.05,74,74,75,74,33,25.27,80,77,80,77,33,22.82,38,13,7,18,48,56,46,52.89,49.5,56.0,38,22,3,13,61,48,69,63.39,48.39,64.76
2021-08-14,2021-2022,manchester united,leeds united,5,1,H,1.56,4.57,5.96,83,82,83,81,33,26.18,76,77,77,75,32,26.0,38,16,10,12,57,57,58,57.21,56.85,54.52,38,9,11,18,42,79,38,51.19,71.31,43.86
2021-08-14,2021-2022,burnley,brighton & hove albion,1,2,A,3.3,3.12,2.51,76,77,75,76,33,26.36,76,75,73,77,33,24.82,38,7,14,17,34,53,35,41.11,60.22,38.1,38,12,15,11,42,44,51,49.57,47.21,54.18
2021-08-14,2021-2022,chelsea,crystal palace,3,0,H,1.26,6.24,12.74,84,84,85,83,33,27.36,76,77,76,75,33,26.45,38,21,11,6,76,33,74,69.3,35.12,73.38,38,11,15,12,50,46,48,48.84,41.33,58.15
2021-08-14,2021-2022,everton,southampton,3,1,H,2.01,3.56,4.1,78,78,78,77,33,25.73,76,75,76,76,32,25.45,38,11,6,21,43,66,39,44.47,60.69,43.54,38,9,13,16,43,67,40,47.35,64.56,43.45
2021-08-14,2021-2022,leicester city,wolverhampton wanderers,1,0,H,1.73,3.79,5.47,80,80,80,78,31,24.09,78,78,80,78,33,27.73,38,14,10,14,62,59,52,49.49,66.11,42.31,38,15,6,17,38,43,51,39.04,58.48,40.54
2021-08-14,2021-2022,watford,aston villa,3,2,H,3.18,3.31,2.47,74,74,75,74,33,28.45,78,79,78,79,33,25.45,38,6,5,27,34,77,23,39.34,67.53,35.45,38,13,6,19,52,54,45,43.13,53.1,46.2
2021-08-14,2021-2022,norwich city,liverpool,0,3,A,8.35,5.86,1.36,73,75,73,73,33,25.55,85,86,84,85,33,27.73,38,5,7,26,23,84,22,31.51,80.08,25.04,38,28,8,2,94,26,92,93.02,32.73,86.56
2021-08-15,2021-2022,newcastle united,west ham united,2,4,A,3.21,3.59,2.32,77,78,77,77,33,27.0,79,80,79,77,33,27.82,38,13,10,15,44,62,49,41.53,62.71,41.53,38,16,8,14,60,51,56,54.98,53.88,53.56
2021-08-15,2021-2022,tottenham hotspur,manchester city,1,0,H,5.56,4.09,1.67,81,83,81,78,33,25.45,85,84,87,86,32,26.09,38,22,5,11,69,40,71,67.95,43.7,66.09,38,29,6,3,99,26,93,93.4,25.21,91.88
2021-08-21,2021-2022,liverpool,burnley,2,0,H,1.21,6.98,15.68,85,86,84,85,33,27.73,76,77,75,76,33,26.36,38,28,8,2,94,26,92,93.02,32.73,86.56,38,7,14,17,34,53,35,41.11,60.22,38.1
2021-08-21,2021-2022,aston villa,newcastle united,2,0,H,1.83,3.99,4.4,78,79,78,79,33,25.45,77,78,77,77,33,27.0,38,13,6,19,52,54,45,43.13,53.1,46.2,38,13,10,15,44,62,49,41.53,62.71,41.53
2021-08-21,2021-2022,crystal palace,brentford,0,0,D,2.65,3.28,2.95,76,77,76,75,33,26.45,74,74,75,74,33,25.27,38,11,15,12,50,46,48,48.84,41.33,58.15,38,13,7,18,48,56,46,52.89,49.5,56.0
2021-08-21,2021-2022,leeds united,everton,2,2,D,2.39,3.51,3.14,76,77,77,75,32,26.0,78,78,78,77,33,25.73,38,9,11,18,42,79,38,51.19,71.31,43.86,38,11,6,21,43,66,39,44.47,60.69,43.54
2021-08-21,2021-2022,manchester city,norwich city,5,0,H,1.11,11.28,26.2,85,84,87,86,32,26.09,73,75,73,73,33,25.55,38,29,6,3,99,26,93,93.4,25.21,91.88,38,5,7,26,23,84,22,31.51,80.08,25.04
2021-08-21,2021-2022,brighton & hove albion,watford,2,0,H,1.75,3.55,5.8,76,75,73,77,33,24.82,74,74,75,74,33,28.45,38,12,15,11,42,44,51,49.57,47.21,54.18,38,6,5,27,34,77,23,39.34,67.53,35.45
2021-08-22,2021-2022,southampton,manchester united,1,1,D,5.32,4.41,1.64,76,75,76,76,32,25.45,83,82,83,81,33,26.18,38,9,13,16,43,67,40,47.35,64.56,43.45,38,16,10,12,57,57,58,57.21,56.85,54.52
2021-08-22,2021-2022,wolverhampton wanderers,tottenham hotspur,0,1,A,3.25,3.15,2.52,78,78,80,78,33,27.73,81,83,81,78,33,25.45,38,15,6,17,38,43,51,39.04,58.48,40.54,38,22,5,11,69,40,71,67.95,43.7,66.09
2021-08-22,2021-2022,arsenal,chelsea,0,2,A,4.9,3.83,1.79,80,77,80,77,33,22.82,84,84,85,83,33,27.36,38,22,3,13,61,48,69,63.39,48.39,64.76,38,21,11,6,76,33,74,69.3,35.12,73.38
2021-08-23,2021-2022,west ham united,leicester city,4,1,H,2.61,3.51,2.82,79,80,79,77,33,27.82,80,80,80,78,31,24.09,38,16,8,14,60,51,56,54.98,53.88,53.56,38,14,10,14,62,59,52,49.49,66.11,42.31
2021-08-28,2021-2022,manchester city,arsenal,5,0,H,1.26,6.28,12.59,85,84,87,86,32,26.09,80,77,80,77,33,22.82,38,29,6,3,99,26,93,93.4,25.21,91.88,38,22,3,13,61,48,69,63.39,48.39,64.76
2021-08-28,2021-2022,aston villa,brentford,1,1,D,2.02,3.63,3.95,78,79,78,79,33,25.45,74,74,75,74,33,25.27,38,13,6,19,52,54,45,43.13,53.1,46.2,38,13,7,18,48,56,46,52.89,49.5,56.0
2021-08-28,2021-2022,brighton & hove albion,everton,0,2,A,2.37,3.29,3.37,76,75,73,77,33,24.82,78,78,78,77,33,25.73,38,12,15,11,42,44,51,49.57,47.21,54.18,38,11,6,21,43,66,39,44.47,60.69,43.54
2021-08-28,2021-2022,newcastle united,southampton,2,2,D,2.55,3.52,2.9,77,78,77,77,33,27.0,76,75,76,76,32,25.45,38,13,10,15,44,62,49,41.53,62.71,41.53,38,9,13,16,43,67,40,47.35,64.56,43.45
2021-08-28,2021-2022,norwich city,leicester city,1,2,A,4.47,3.54,1.93,73,75,73,73,33,25.55,80,80,80,78,31,24.09,38,5,7,26,23,84,22,31.51,80.08,25.04,38,14,10,14,62,59,52,49.49,66.11,42.31
2021-08-28,2021-2022,west ham united,crystal palace,2,2,D,1.59,4.07,6.64,79,80,79,77,33,27.82,76,77,76,75,33,26.45,38,16,8,14,60,51,56,54.98,53.88,53.56,38,11,15,12,50,46,48,48.84,41.33,58.15
2021-08-28,2021-2022,liverpool,chelsea,1,1,D,2.52,3.36,3.06,85,86,84,85,33,27.73,84,84,85,83,33,27.36,38,28,8,2,94,26,92,93.02,32.73,86.56,38,21,11,6,76,33,74,69.3,35.12,73.38
2021-08-29,2021-2022,burnley,leeds united,1,1,D,3.15,3.58,2.35,76,77,75,76,33,26.36,76,77,77,75,32,26.0,38,7,14,17,34,53,35,41.11,60.22,38.1,38,9,11,18,42,79,38,51.19,71.31,43.86
2021-08-29,2021-2022,tottenham hotspur,watford,1,0,H,1.45,4.42,9.04,81,83,81,78,33,25.45,74,74,75,74,33,28.45,38,22,5,11,69,40,71,67.95,43.7,66.09,38,6,5,27,34,77,23,39.34,67.53,35.45
2021-08-29,2021-2022,wolverhampton wanderers,manchester united,0,1,A,5.14,3.51,1.83,78,78,80,78,33,27.73,83,82,83,81,33,26.18,38,15,6,17,38,43,51,39.04,58.48,40.54,38,16,10,12,57,57,58,57.21,56.85,54.52
2021-09-11,2021-2022,crystal palace,tottenham hotspur,3,0,H,4.42,3.47,1.96,76,77,76,75,33,26.45,81,83,81,78,33,25.45,38,11,15,12,50,46,48,48.84,41.33,58.15,38,22,5,11,69,40,71,67.95,43.7,66.09
2021-09-11,2021-2022,arsenal,norwich city,1,0,H,1.53,4.57,6.5,80,77,80,77,33,22.82,73,75,73,73,33,25.55,38,22,3,13,61,48,69,63.39,48.39,64.76,38,5,7,26,23,84,22,31.51,80.08,25.04
2021-09-11,2021-2022,brentford,brighton & hove albion,0,1,A,2.93,3.19,2.72,74,74,75,74,33,25.27,76,75,73,77,33,24.82,38,13,7,18,48,56,46,52.89,49.5,56.0,38,12,15,11,42,44,51,49.57,47.21,54.18
2021-09-11,2021-2022,leicester city,manchester city,0,1,A,5.87,4.26,1.61,80,80,80,78,31,24.09,85,84,87,86,32,26.09,38,14,10,14,62,59,52,49.49,66.11,42.31,38,29,6,3,99,26,93,93.4,25.21,91.88
2021-09-11,2021-2022,manchester united,newcastle united,4,1,H,1.19,7.56,16.42,83,82,83,81,33,26.18,77,78,77,77,33,27.0,38,16,10,12,57,57,58,57.21,56.85,54.52,38,13,10,15,44,62,49,41.53,62.71,41.53
2021-09-11,2021-2022,southampton,west ham united,0,0,D,2.93,3.48,2.54,76,75,76,76,32,25.45,79,80,79,77,33,27.82,38,9,13,16,43,67,40,47.35,64.56,43.45,38,16,8,14,60,51,56,54.98,53.88,53.56
2021-09-11,2021-2022,watford,wolverhampton wanderers,0,2,A,3.47,3.22,2.36,74,74,75,74,33,28.45,78,78,80,78,33,27.73,38,6,5,27,34,77,23,39.34,67.53,35.45,38,15,6,17,38,43,51,39.04,58.48,40.54
2021-09-11,2021-2022,chelsea,aston villa,3,0,H,1.31,5.51,12.17,84,84,85,83,33,27.36,78,79,78,79,33,25.45,38,21,11,6,76,33,74,69.3,35.12,73.38,38,13,6,19,52,54,45,43.13,53.1,46.2
2021-09-12,2021-2022,leeds united,liverpool,0,3,A,4.54,4.15,1.78,76,77,77,75,32,26.0,85,86,84,85,33,27.73,38,9,11,18,42,79,38,51.19,71.31,43.86,38,28,8,2,94,26,92,93.02,32.73,86.56
2021-09-13,2021-2022,everton,burnley,3,1,H,1.74,3.83,5.35,78,78,78,77,33,25.73,76,77,75,76,33,26.36,38,11,6,21,43,66,39,44.47,60.69,43.54,38,7,14,17,34,53,35,41.11,60.22,38.1
2021-09-17,2021-2022,newcastle united,leeds united,1,1,D,3.05,3.69,2.36,77,78,77,77,33,27.0,76,77,77,75,32,26.0,38,13,10,15,44,62,49,41.53,62.71,41.53,38,9,11,18,42,79,38,51.19,71.31,43.86
2021-09-18,2021-2022,wolverhampton wanderers,brentford,0,2,A,1.93,3.3,4.98,78,78,80,78,33,27.73,74,74,75,74,33,25.27,38,15,6,17,38,43,51,39.04,58.48,40.54,38,13,7,18,48,56,46,52.89,49.5,56.0
2021-09-18,2021-2022,burnley,arsenal,0,1,A,3.87,3.57,2.06,76,77,75,76,33,26.36,80,77,80,77,33,22.82,38,7,14,17,34,53,35,41.11,60.22,38.1,38,22,3,13,61,48,69,63.39,48.39,64.76
2021-09-18,2021-2022,liverpool,crystal palace,3,0,H,1.22,6.87,15.6,85,86,84,85,33,27.73,76,77,76,75,33,26.45,38,28,8,2,94,26,92,93.02,32.73,86.56,38,11,15,12,50,46,48,48.84,41.33,58.15
2021-09-18,2021-2022,manchester city,southampton,0,0,D,1.16,8.48,19.72,85,84,87,86,32,26.09,76,75,76,76,32,25.45,38,29,6,3,99,26,93,93.4,25.21,91.88,38,9,13,16,43,67,40,47.35,64.56,43.45
2021-09-18,2021-2022,norwich city,watford,1,3,A,2.21,3.48,3.53,73,75,73,73,33,25.55,74,74,75,74,33,28.45,38,5,7,26,23,84,22,31.51,80.08,25.04,38,6,5,27,34,77,23,39.34,67.53,35.45
2021-09-18,2021-2022,aston villa,everton,3,0,H,2.42,3.44,3.15,78,79,78,79,33,25.45,78,78,78,77,33,25.73,38,13,6,19,52,54,45,43.13,53.1,46.2,38,11,6,21,43,66,39,44.47,60.69,43.54
2021-09-19,2021-2022,brighton & hove albion,leicester city,2,1,H,2.83,3.25,2.77,76,75,73,77,33,24.82,80,80,80,78,31,24.09,38,12,15,11,42,44,51,49.57,47.21,54.18,38,14,10,14,62,59,52,49.49,66.11,42.31
2021-09-19,2021-2022,west ham united,manchester united,1,2,A,4.69,3.9,1.81,79,80,79,77,33,27.82,83,82,83,81,33,26.18,38,16,8,14,60,51,56,54.98,53.88,53.56,38,16,10,12,57,57,58,57.21,56.85,54.52
2021-09-19,2021-2022,tottenham hotspur,chelsea,0,3,A,4.98,4.02,1.74,81,83,81,78,33,25.45,84,84,85,83,33,27.36,38,22,5,11,69,40,71,67.95,43.7,66.09,38,21,11,6,76,33,74,69.3,35.12,73.38
2021-09-25,2021-2022,chelsea,manchester city,0,1,A,2.74,3.3,2.83,84,84,85,83,33,27.36,85,84,87,86,32,26.09,38,21,11,6,76,33,74,69.3,35.12,73.38,38,29,6,3,99,26,93,93.4,25.21,91.88
2021-09-25,2021-2022,manchester united,aston villa,0,1,A,1.41,5.12,8.13,83,82,83,81,33,26.18,78,79,78,79,33,25.45,38,16,10,12,57,57,58,57.21,56.85,54.52,38,13,6,19,52,54,45,43.13,53.1,46.2
2021-09-25,2021-2022,everton,norwich city,2,0,H,1.65,3.91,6.09,78,78,78,77,33,25.73,73,75,73,73,33,25.55,38,11,6,21,43,66,39,44.47,60.69,43.54,38,5,7,26,23,84,22,31.51,80.08,25.04
2021-09-25,2021-2022,leeds united,west ham united,1,2,A,3.17,3.73,2.28,76,77,77,75,32,26.0,79,80,79,77,33,27.82,38,9,11,18,42,79,38,51.19,71.31,43.86,38,16,8,14,60,51,56,54.98,53.88,53.56
2021-09-25,2021-2022,leicester city,burnley,2,2,D,1.6,4.09,6.37,80,80,80,78,31,24.09,76,77,75,76,33,26.36,38,14,10,14,62,59,52,49.49,66.11,42.31,38,7,14,17,34,53,35,41.11,60.22,38.1
2021-09-25,2021-2022,watford,newcastle united,1,1,D,2.26,3.42,3.47,74,74,75,74,33,28.45,77,78,77,77,33,27.0,38,6,5,27,34,77,23,39.34,67.53,35.45,38,13,10,15,44,62,49,41.53,62.71,41.53
2021-09-25,2021-2022,brentford,liverpool,3,3,D,7.48,4.51,1.49,74,74,75,74,33,25.27,85,86,84,85,33,27.73,38,13,7,18,48,56,46,52.89,49.5,56.0,38,28,8,2,94,26,92,93.02,32.73,86.56
2021-09-26,2021-2022,southampton,wolverhampton wanderers,0,1,A,2.7,3.27,2.89,76,75,76,76,32,25.45,78,78,80,78,33,27.73,38,9,13,16,43,67,40,47.35,64.56,43.45,38,15,6,17,38,43,51,39.04,58.48,40.54
2021-09-26,2021-2022,arsenal,tottenham hotspur,3,1,H,2.29,3.3,3.54,80,77,80,77,33,22.82,81,83,81,78,33,25.45,38,22,3,13,61,48,69,63.39,48.39,64.76,38,22,5,11,69,40,71,67.95,43.7,66.09
2021-09-27,2021-2022,crystal palace,brighton & hove albion,1,1,D,3.14,3.21,2.56,76,77,76,75,33,26.45,76,75,73,77,33,24.82,38,11,15,12,50,46,48,48.84,41.33,58.15,38,12,15,11,42,44,51,49.57,47.21,54.18
2021-10-02,2021-2022,manchester united,everton,1,1,D,1.51,4.37,7.59,83,82,83,81,33,26.18,78,78,78,77,33,25.73,38,16,10,12,57,57,58,57.21,56.85,54.52,38,11,6,21,43,66,39,44.47,60.69,43.54
2021-10-02,2021-2022,burnley,norwich city,0,0,D,1.9,3.69,4.42,76,77,75,76,33,26.36,73,75,73,73,33,25.55,38,7,14,17,34,53,35,41.11,60.22,38.1,38,5,7,26,23,84,22,31.51,80.08,25.04
2021-10-02,2021-2022,chelsea,southampton,3,1,H,1.4,4.91,9.22,84,84,85,83,33,27.36,76,75,76,76,32,25.45,38,21,11,6,76,33,74,69.3,35.12,73.38,38,9,13,16,43,67,40,47.35,64.56,43.45
2021-10-02,2021-2022,leeds united,watford,1,0,H,1.78,3.96,4.8,76,77,77,75,32,26.0,74,74,75,74,33,28.45,38,9,11,18,42,79,38,51.19,71.31,43.86,38,6,5,27,34,77,23,39.34,67.53,35.45
2021-10-02,2021-2022,wolverhampton wanderers,newcastle united,2,1,H,1.72,4.06,5.06,78,78,80,78,33,27.73,77,78,77,77,33,27.0,38,15,6,17,38,43,51,39.04,58.48,40.54,38,13,10,15,44,62,49,41.53,62.71,41.53
2021-10-02,2021-2022,brighton & hove albion,arsenal,0,0,D,3.16,3.2,2.54,76,75,73,77,33,24.82,80,77,80,77,33,22.82,38,12,15,11,42,44,51,49.57,47.21,54.18,38,22,3,13,61,48,69,63.39,48.39,64.76
2021-10-03,2021-2022,crystal palace,leicester city,2,2,D,3.17,3.44,2.41,76,77,76,75,33,26.45,80,80,80,78,31,24.09,38,11,15,12,50,46,48,48.84,41.33,58.15,38,14,10,14,62,59,52,49.49,66.11,42.31
2021-10-03,2021-2022,tottenham hotspur,aston villa,2,1,H,2.13,3.61,3.64,81,83,81,78,33,25.45,78,79,78,79,33,25.45,38,22,5,11,69,40,71,67.95,43.7,66.09,38,13,6,19,52,54,45,43.13,53.1,46.2
2021-10-03,2021-2022,west ham united,brentford,1,2,A,1.84,3.65,4.82,79,80,79,77,33,27.82,74,74,75,74,33,25.27,38,16,8,14,60,51,56,54.98,53.88,53.56,38,13,7,18,48,56,46,52.89,49.5,56.0
2021-10-03,2021-2022,liverpool,manchester city,2,2,D,2.99,3.55,2.46,85,86,84,85,33,27.73,85,84,87,86,32,26.09,38,28,8,2,94,26,92,93.02,32.73,86.56,38,29,6,3,99,26,93,93.4,25.21,91.88
2021-10-16,2021-2022,watford,liverpool,0,5,A,9.43,5.49,1.36,74,74,75,74,33,28.45,85,86,84,85,33,27.73,38,6,5,27,34,77,23,39.34,67.53,35.45,38,28,8,2,94,26,92,93.02,32.73,86.56
2021-10-16,2021-2022,aston villa,wolverhampton wanderers,2,3,A,2.32,3.31,3.47,78,79,78,79,33,25.45,78,78,80,78,33,27.73,38,13,6,19,52,54,45,43.13,53.1,46.2,38,15,6,17,38,43,51,39.04,58.48,40.54
2021-10-16,2021-2022,leicester city,manchester united,4,2,H,3.56,3.68,2.13,80,80,80,78,31,24.09,83,82,83,81,33,26.18,38,14,10,14,62,59,52,49.49,66.11,42.31,38,16,10,12,57,57,58,57.21,56.85,54.52
2021-10-16,2021-2022,manchester city,burnley,2,0,H,1.13,9.94,24.65,85,84,87,86,32,26.09,76,77,75,76,33,26.36,38,29,6,3,99,26,93,93.4,25.21,91.88,38,7,14,17,34,53,35,41.11,60.22,38.1
2021-10-16,2021-2022,norwich city,brighton & hove albion,0,0,D,3.77,3.41,2.16,73,75,73,73,33,25.55,76,75,73,77,33,24.82,38,5,7,26,23,84,22,31.51,80.08,25.04,38,12,15,11,42,44,51,49.57,47.21,54.18
2021-10-16,2021-2022,southampton,leeds united,1,0,H,2.44,3.58,3.01,76,75,76,76,32,25.45,76,77,77,75,32,26.0,38,9,13,16,43,67,40,47.35,64.56,43.45,38,9,11,18,42,79,38,51.19,71.31,43.86
2021-10-16,2021-2022,brentford,chelsea,0,1,A,6.69,3.92,1.61,74,74,75,74,33,25.27,84,84,85,83,33,27.36,38,13,7,18,48,56,46,52.89,49.5,56.0,38,21,11,6,76,33,74,69.3,35.12,73.38
2021-10-17,2021-2022,everton,west ham united,0,1,A,2.57,3.37,2.98,78,78,78,77,33,25.73,79,80,79,77,33,27.82,38,11,6,21,43,66,39,44.47,60.69,43.54,38,16,8,14,60,51,56,54.98,53.88,53.56
2021-10-17,2021-2022,newcastle united,tottenham hotspur,2,3,A,3.57,3.66,2.13,77,78,77,77,33,27.0,81,83,81,78,33,25.45,38,13,10,15,44,62,49,41.53,62.71,41.53,38,22,5,11,69,40,71,67.95,43.7,66.09
2021-10-18,2021-2022,arsenal,crystal palace,2,2,D,1.66,3.94,5.91,80,77,80,77,33,22.82,76,77,76,75,33,26.45,38,22,3,13,61,48,69,63.39,48.39,64.76,38,11,15,12,50,46,48,48.84,41.33,58.15
2021-10-22,2021-2022,arsenal,aston villa,3,1,H,1.92,3.77,4.22,80,77,80,77,33,22.82,78,79,78,79,33,25.45,38,22,3,13,61,48,69,63.39,48.39,64.76,38,13,6,19,52,54,45,43.13,53.1,46.2
2021-10-23,2021-2022,chelsea,norwich city,7,0,H,1.19,7.28,19.32,84,84,85,83,33,27.36,73,75,73,73,33,25.55,38,21,11,6,76,33,74,69.3,35.12,73.38,38,5,7,26,23,84,22,31.51,80.08,25.04
2021-10-23,2021-2022,crystal palace,newcastle united,1,1,D,1.99,3.7,3.98,76,77,76,75,33,26.45,77,78,77,77,33,27.0,38,11,15,12,50,46,48,48.84,41.33,58.15,38,13,10,15,44,62,49,41.53,62.71,41.53
2021-10-23,2021-2022,everton,watford,2,5,A,1.68,3.88,5.79,78,78,78,77,33,25.73,74,74,75,74,33,28.45,38,11,6,21,43,66,39,44.47,60.69,43.54,38,6,5,27,34,77,23,39.34,67.53,35.45
2021-10-23,2021-2022,leeds united,wolverhampton wanderers,1,1,D,2.67,3.46,2.79,76,77,77,75,32,26.0,78,78,80,78,33,27.73,38,9,11,18,42,79,38,51.19,71.31,43.86,38,15,6,17,38,43,51,39.04,58.48,40.54
2021-10-23,2021-2022,southampton,burnley,2,2,D,2.02,3.63,3.98,76,75,76,76,32,25.45,76,77,75,76,33,26.36,38,9,13,16,43,67,40,47.35,64.56,43.45,38,7,14,17,34,53,35,41.11,60.22,38.1
2021-10-23,2021-2022,brighton & hove albion,manchester city,1,4,A,7.66,4.79,1.46,76,75,73,77,33,24.82,85,84,87,86,32,26.09,38,12,15,11,42,44,51,49.57,47.21,54.18,38,29,6,3,99,26,93,93.4,25.21,91.88
2021-10-24,2021-2022,brentford,leicester city,1,2,A,2.66,3.47,2.79,74,74,75,74,33,25.27,80,80,80,78,31,24.09,38,13,7,18,48,56,46,52.89,49.5,56.0,38,14,10,14,62,59,52,49.49,66.11,42.31
2021-10-24,2021-2022,west ham united,tottenham hotspur,1,0,H,2.32,3.54,3.23,79,80,79,77,33,27.82,81,83,81,78,33,25.45,38,16,8,14,60,51,56,54.98,53.88,53.56,38,22,5,11,69,40,71,67.95,43.7,66.09
2021-10-24,2021-2022,manchester united,liverpool,0,5,A,3.15,3.73,2.29,83,82,83,81,33,26.18,85,86,84,85,33,27.73,38,16,10,12,57,57,58,57.21,56.85,54.52,38,28,8,2,94,26,92,93.02,32.73,86.56
2021-10-30,2021-2022,leicester city,arsenal,0,2,A,2.52,3.49,2.95,80,80,80,78,31,24.09,80,77,80,77,33,22.82,38,14,10,14,62,59,52,49.49,66.11,42.31,38,22,3,13,61,48,69,63.39,48.39,64.76
2021-10-30,2021-2022,burnley,brentford,3,1,H,2.73,3.31,2.84,76,77,75,76,33,26.36,74,74,75,74,33,25.27,38,7,14,17,34,53,35,41.11,60.22,38.1,38,13,7,18,48,56,46,52.89,49.5,56.0
2021-10-30,2021-2022,liverpool,brighton & hove albion,2,2,D,1.25,6.92,11.52,85,86,84,85,33,27.73,76,75,73,77,33,24.82,38,28,8,2,94,26,92,93.02,32.73,86.56,38,12,15,11,42,44,51,49.57,47.21,54.18
2021-10-30,2021-2022,manchester city,crystal palace,0,2,A,1.15,8.94,22.14,85,84,87,86,32,26.09,76,77,76,75,33,26.45,38,29,6,3,99,26,93,93.4,25.21,91.88,38,11,15,12,50,46,48,48.84,41.33,58.15
2021-10-30,2021-2022,newcastle united,chelsea,0,3,A,9.28,4.96,1.4,77,78,77,77,33,27.0,84,84,85,83,33,27.36,38,13,10,15,44,62,49,41.53,62.71,41.53,38,21,11,6,76,33,74,69.3,35.12,73.38
2021-10-30,2021-2022,watford,southampton,0,1,A,3.22,3.4,2.39,74,74,75,74,33,28.45,76,75,76,76,32,25.45,38,6,5,27,34,77,23,39.34,67.53,35.45,38,9,13,16,43,67,40,47.35,64.56,43.45
2021-10-30,2021-2022,tottenham hotspur,manchester united,0,3,A,3.04,3.66,2.38,81,83,81,78,33,25.45,83,82,83,81,33,26.18,38,22,5,11,69,40,71,67.95,43.7,66.09,38,16,10,12,57,57,58,57.21,56.85,54.52
2021-10-31,2021-2022,norwich city,leeds united,1,2,A,3.58,3.7,2.11,73,75,73,73,33,25.55,76,77,77,75,32,26.0,38,5,7,26,23,84,22,31.51,80.08,25.04,38,9,11,18,42,79,38,51.19,71.31,43.86
2021-10-31,2021-2022,aston villa,west ham united,1,4,A,2.86,3.58,2.54,78,79,78,79,33,25.45,79,80,79,77,33,27.82,38,13,6,19,52,54,45,43.13,53.1,46.2,38,16,8,14,60,51,56,54.98,53.88,53.56
2021-11-01,2021-2022,wolverhampton wanderers,everton,2,1,H,2.27,3.4,3.47,78,78,80,78,33,27.73,78,78,78,77,33,25.73,38,15,6,17,38,43,51,39.04,58.48,40.54,38,11,6,21,43,66,39,44.47,60.69,43.54
2021-11-05,2021-2022,southampton,aston villa,1,0,H,2.04,3.71,3.79,76,75,76,76,32,25.45,78,79,78,79,33,25.45,38,9,13,16,43,67,40,47.35,64.56,43.45,38,13,6,19,52,54,45,43.13,53.1,46.2
2021-11-06,2021-2022,manchester united,manchester city,0,2,A,4.84,4.16,1.74,83,82,83,81,33,26.18,85,84,87,86,32,26.09,38,16,10,12,57,57,58,57.21,56.85,54.52,38,29,6,3,99,26,93,93.4,25.21,91.88
2021-11-06,2021-2022,brentford,norwich city,1,2,A,1.63,4.05,6.06,74,74,75,74,33,25.27,73,75,73,73,33,25.55,38,13,7,18,48,56,46,52.89,49.5,56.0,38,5,7,26,23,84,22,31.51,80.08,25.04
2021-11-06,2021-2022,chelsea,burnley,1,1,D,1.27,6.08,13.48,84,84,85,83,33,27.36,76,77,75,76,33,26.36,38,21,11,6,76,33,74,69.3,35.12,73.38,38,7,14,17,34,53,35,41.11,60.22,38.1
2021-11-06,2021-2022,crystal palace,wolverhampton wanderers,2,0,H,2.56,3.17,3.17,76,77,76,75,33,26.45,78,78,80,78,33,27.73,38,11,15,12,50,46,48,48.84,41.33,58.15,38,15,6,17,38,43,51,39.04,58.48,40.54
2021-11-06,2021-2022,brighton & hove albion,newcastle united,1,1,D,1.63,4.11,6.04,76,75,73,77,33,24.82,77,78,77,77,33,27.0,38,12,15,11,42,44,51,49.57,47.21,54.18,38,13,10,15,44,62,49,41.53,62.71,41.53
2021-11-07,2021-2022,arsenal,watford,1,0,H,1.41,4.98,8.73,80,77,80,77,33,22.82,74,74,75,74,33,28.45,38,22,3,13,61,48,69,63.39,48.39,64.76,38,6,5,27,34,77,23,39.34,67.53,35.45
2021-11-07,2021-2022,everton,tottenham hotspur,0,0,D,3.15,3.34,2.46,78,78,78,77,33,25.73,81,83,81,78,33,25.45,38,11,6,21,43,66,39,44.47,60.69,43.54,38,22,5,11,69,40,71,67.95,43.7,66.09
2021-11-07,2021-2022,leeds united,leicester city,1,1,D,2.84,3.61,2.54,76,77,77,75,32,26.0,80,80,80,78,31,24.09,38,9,11,18,42,79,38,51.19,71.31,43.86,38,14,10,14,62,59,52,49.49,66.11,42.31
2021-11-07,2021-2022,west ham united,liverpool,3,2,H,4.74,4.15,1.75,79,80,79,77,33,27.82,85,86,84,85,33,27.73,38,16,8,14,60,51,56,54.98,53.88,53.56,38,28,8,2,94,26,92,93.02,32.73,86.56
2021-11-20,2021-2022,leicester city,chelsea,0,3,A,4.92,3.76,1.8,80,80,80,78,31,24.09,84,84,85,83,33,27.36,38,14,10,14,62,59,52,49.49,66.11,42.31,38,21,11,6,76,33,74,69.3,35.12,73.38
2021-11-20,2021-2022,aston villa,brighton & hove albion,2,0,H,2.48,3.33,3.14,78,79,78,79,33,25.45,76,75,73,77,33,24.82,38,13,6,19,52,54,45,43.13,53.1,46.2,38,12,15,11,42,44,51,49.57,47.21,54.18
2021-11-20,2021-2022,burnley,crystal palace,3,3,D,2.79,3.29,2.79,76,77,75,76,33,26.36,76,77,76,75,33,26.45,38,7,14,17,34,53,35,41.11,60.22,38.1,38,11,15,12,50,46,48,48.84,41.33,58.15
2021-11-20,2021-2022,newcastle united,brentford,3,3,D,2.67,3.42,2.81,77,78,77,77,33,27.0,74,74,75,74,33,25.27,38,13,10,15,44,62,49,41.53,62.71,41.53,38,13,7,18,48,56,46,52.89,49.5,56.0
2021-11-20,2021-2022,norwich city,southampton,2,1,H,3.71,3.54,2.12,73,75,73,73,33,25.55,76,75,76,76,32,25.45,38,5,7,26,23,84,22,31.51,80.08,25.04,38,9,13,16,43,67,40,47.35,64.56,43.45
2021-11-20,2021-2022,watford,manchester united,4,1,H,6.25,4.69,1.53,74,74,75,74,33,28.45,83,82,83,81,33,26.18,38,6,5,27,34,77,23,39.34,67.53,35.45,38,16,10,12,57,57,58,57.21,56.85,54.52
2021-11-20,2021-2022,wolverhampton wanderers,west ham united,1,0,H,3.18,3.28,2.49,78,78,80,78,33,27.73,79,80,79,77,33,27.82,38,15,6,17,38,43,51,39.04,58.48,40.54,38,16,8,14,60,51,56,54.98,53.88,53.56
2021-11-20,2021-2022,liverpool,arsenal,4,0,H,1.47,5.0,6.84,85,86,84,85,33,27.73,80,77,80,77,33,22.82,38,28,8,2,94,26,92,93.02,32.73,86.56,38,22,3,13,61,48,69,63.39,48.39,64.76
2021-11-21,2021-2022,manchester city,everton,3,0,H,1.19,7.71,17.04,85,84,87,86,32,26.09,78,78,78,77,33,25.73,38,29,6,3,99,26,93,93.4,25.21,91.88,38,11,6,21,43,66,39,44.47,60.69,43.54
2021-11-21,2021-2022,tottenham hotspur,leeds united,2,1,H,1.77,4.15,4.61,81,83,81,78,33,25.45,76,77,77,75,32,26.0,38,22,5,11,69,40,71,67.95,43.7,66.09,38,9,11,18,42,79,38,51.19,71.31,43.86
2021-11-27,2021-2022,arsenal,newcastle united,2,0,H,1.48,4.95,6.77,80,77,80,77,33,22.82,77,78,77,77,33,27.0,38,22,3,13,61,48,69,63.39,48.39,64.76,38,13,10,15,44,62,49,41.53,62.71,41.53
2021-11-27,2021-2022,crystal palace,aston villa,1,2,A,2.3,3.4,3.42,76,77,76,75,33,26.45,78,79,78,79,33,25.45,38,11,15,12,50,46,48,48.84,41.33,58.15,38,13,6,19,52,54,45,43.13,53.1,46.2
2021-11-27,2021-2022,liverpool,southampton,4,0,H,1.3,6.08,10.1,85,86,84,85,33,27.73,76,75,76,76,32,25.45,38,28,8,2,94,26,92,93.02,32.73,86.56,38,9,13,16,43,67,40,47.35,64.56,43.45
2021-11-27,2021-2022,norwich city,wolverhampton wanderers,0,0,D,3.61,3.44,2.2,73,75,73,73,33,25.55,78,78,80,78,33,27.73,38,5,7,26,23,84,22,31.51,80.08,25.04,38,15,6,17,38,43,51,39.04,58.48,40.54
2021-11-27,2021-2022,brighton & hove albion,leeds united,0,0,D,2.14,3.44,3.78,76,75,73,77,33,24.82,76,77,77,75,32,26.0,38,12,15,11,42,44,51,49.57,47.21,54.18,38,9,11,18,42,79,38,51.19,71.31,43.86
2021-11-28,2021-2022,brentford,everton,1,0,H,2.29,3.33,3.51,74,74,75,74,33,25.27,78,78,78,77,33,25.73,38,13,7,18,48,56,46,52.89,49.5,56.0,38,11,6,21,43,66,39,44.47,60.69,43.54
2021-11-28,2021-2022,leicester city,watford,4,2,H,1.65,4.16,5.57,80,80,80,78,31,24.09,74,74,75,74,33,28.45,38,14,10,14,62,59,52,49.49,66.11,42.31,38,6,5,27,34,77,23,39.34,67.53,35.45
2021-11-28,2021-2022,manchester city,west ham united,2,1,H,1.3,5.98,10.56,85,84,87,86,32,26.09,79,80,79,77,33,27.82,38,29,6,3,99,26,93,93.4,25.21,91.88,38,16,8,14,60,51,56,54.98,53.88,53.56
2021-11-28,2021-2022,chelsea,manchester united,1,1,D,1.63,4.21,5.75,84,84,85,83,33,27.36,83,82,83,81,33,26.18,38,21,11,6,76,33,74,69.3,35.12,73.38,38,16,10,12,57,57,58,57.21,56.85,54.52
2021-11-30,2021-2022,newcastle united,norwich city,1,1,D,2.02,3.68,3.91,77,78,77,77,33,27.0,73,75,73,73,33,25.55,38,13,10,15,44,62,49,41.53,62.71,41.53,38,5,7,26,23,84,22,31.51,80.08,25.04
2021-11-30,2021-2022,leeds united,crystal palace,1,0,H,2.43,3.41,3.15,76,77,77,75,32,26.0,76,77,76,75,33,26.45,38,9,11,18,42,79,38,51.19,71.31,43.86,38,11,15,12,50,46,48,48.84,41.33,58.15
2021-12-01,2021-2022,southampton,leicester city,2,2,D,2.47,3.56,2.98,76,75,76,76,32,25.45,80,80,80,78,31,24.09,38,9,13,16,43,67,40,47.35,64.56,43.45,38,14,10,14,62,59,52,49.49,66.11,42.31
2021-12-01,2021-2022,watford,chelsea,1,2,A,10.31,5.61,1.33,74,74,75,74,33,28.45,84,84,85,83,33,27.36,38,6,5,27,34,77,23,39.34,67.53,35.45,38,21,11,6,76,33,74,69.3,35.12,73.38
2021-12-01,2021-2022,west ham united,brighton & hove albion,1,1,D,2.05,3.6,3.87,79,80,79,77,33,27.82,76,75,73,77,33,24.82,38,16,8,14,60,51,56,54.98,53.88,53.56,38,12,15,11,42,44,51,49.57,47.21,54.18
2021-12-01,2021-2022,wolverhampton wanderers,burnley,0,0,D,1.98,3.43,4.39,78,78,80,78,33,27.73,76,77,75,76,33,26.36,38,15,6,17,38,43,51,39.04,58.48,40.54,38,7,14,17,34,53,35,41.11,60.22,38.1
2021-12-01,2021-2022,aston villa,manchester city,1,2,A,8.57,5.25,1.39,78,79,78,79,33,25.45,85,84,87,86,32,26.09,38,13,6,19,52,54,45,43.13,53.1,46.2,38,29,6,3,99,26,93,93.4,25.21,91.88
2021-12-01,2021-2022,everton,liverpool,1,4,A,7.67,5.17,1.43,78,78,78,77,33,25.73,85,86,84,85,33,27.73,38,11,6,21,43,66,39,44.47,60.69,43.54,38,28,8,2,94,26,92,93.02,32.73,86.56
2021-12-02,2021-2022,tottenham hotspur,brentford,2,0,H,1.67,4.22,5.34,81,83,81,78,33,25.45,74,74,75,74,33,25.27,38,22,5,11,69,40,71,67.95,43.7,66.09,38,13,7,18,48,56,46,52.89,49.5,56.0
2021-12-02,2021-2022,manchester united,arsenal,3,2,H,2.07,3.68,3.75,83,82,83,81,33,26.18,80,77,80,77,33,22.82,38,16,10,12,57,57,58,57.21,56.85,54.52,38,22,3,13,61,48,69,63.39,48.39,64.76
2021-12-04,2021-2022,west ham united,chelsea,3,2,H,4.85,3.58,1.85,79,80,79,77,33,27.82,84,84,85,83,33,27.36,38,16,8,14,60,51,56,54.98,53.88,53.56,38,21,11,6,76,33,74,69.3,35.12,73.38
2021-12-04,2021-2022,newcastle united,burnley,1,0,H,2.4,3.38,3.22,77,78,77,77,33,27.0,76,77,75,76,33,26.36,38,13,10,15,44,62,49,41.53,62.71,41.53,38,7,14,17,34,53,35,41.11,60.22,38.1
2021-12-04,2021-2022,southampton,brighton & hove albion,1,1,D,2.48,3.25,3.22,76,75,76,76,32,25.45,76,75,73,77,33,24.82,38,9,13,16,43,67,40,47.35,64.56,43.45,38,12,15,11,42,44,51,49.57,47.21,54.18
2021-12-04,2021-2022,wolverhampton wanderers,liverpool,0,1,A,8.08,4.72,1.45,78,78,80,78,33,27.73,85,86,84,85,33,27.73,38,15,6,17,38,43,51,39.04,58.48,40.54,38,28,8,2,94,26,92,93.02,32.73,86.56
2021-12-04,2021-2022,watford,manchester city,1,3,A,14.88,7.43,1.21,74,74,75,74,33,28.45,85,84,87,86,32,26.09,38,6,5,27,34,77,23,39.34,67.53,35.45,38,29,6,3,99,26,93,93.4,25.21,91.88
2021-12-05,2021-2022,leeds united,brentford,2,2,D,1.98,3.63,4.13,76,77,77,75,32,26.0,74,74,75,74,33,25.27,38,9,11,18,42,79,38,51.19,71.31,43.86,38,13,7,18,48,56,46,52.89,49.5,56.0
2021-12-05,2021-2022,manchester united,crystal palace,1,0,H,1.59,4.13,6.46,83,82,83,81,33,26.18,76,77,76,75,33,26.45,38,16,10,12,57,57,58,57.21,56.85,54.52,38,11,15,12,50,46,48,48.84,41.33,58.15
2021-12-05,2021-2022,tottenham hotspur,norwich city,3,0,H,1.43,4.9,8.28,81,83,81,78,33,25.45,73,75,73,73,33,25.55,38,22,5,11,69,40,71,67.95,43.7,66.09,38,5,7,26,23,84,22,31.51,80.08,25.04
2021-12-05,2021-2022,aston villa,leicester city,2,1,H,2.38,3.49,3.17,78,79,78,79,33,25.45,80,80,80,78,31,24.09,38,13,6,19,52,54,45,43.13,53.1,46.2,38,14,10,14,62,59,52,49.49,66.11,42.31
2021-12-06,2021-2022,everton,arsenal,2,1,H,3.45,3.65,2.18,78,78,78,77,33,25.73,80,77,80,77,33,22.82,38,11,6,21,43,66,39,44.47,60.69,43.54,38,22,3,13,61,48,69,63.39,48.39,64.76
2021-12-10,2021-2022,brentford,watford,2,1,H,2.32,3.33,3.44,74,74,75,74,33,25.27,74,74,75,74,33,28.45,38,13,7,18,48,56,46,52.89,49.5,56.0,38,6,5,27,34,77,23,39.34,67.53,35.45
2021-12-11,2021-2022,manchester city,wolverhampton wanderers,1,0,H,1.17,8.21,20.21,85,84,87,86,32,26.09,78,78,80,78,33,27.73,38,29,6,3,99,26,93,93.4,25.21,91.88,38,15,6,17,38,43,51,39.04,58.48,40.54
2021-12-11,2021-2022,arsenal,southampton,3,0,H,1.68,4.01,5.61,80,77,80,77,33,22.82,76,75,76,76,32,25.45,38,22,3,13,61,48,69,63.39,48.39,64.76,38,9,13,16,43,67,40,47.35,64.56,43.45
2021-12-11,2021-2022,chelsea,leeds united,3,2,H,1.28,6.1,11.9,84,84,85,83,33,27.36,76,77,77,75,32,26.0,38,21,11,6,76,33,74,69.3,35.12,73.38,38,9,11,18,42,79,38,51.19,71.31,43.86
2021-12-11,2021-2022,liverpool,aston villa,1,0,H,1.23,7.15,12.65,85,86,84,85,33,27.73,78,79,78,79,33,25.45,38,28,8,2,94,26,92,93.02,32.73,86.56,38,13,6,19,52,54,45,43.13,53.1,46.2
2021-12-11,2021-2022,norwich city,manchester united,0,1,A,7.52,4.9,1.45,73,75,73,73,33,25.55,83,82,83,81,33,26.18,38,5,7,26,23,84,22,31.51,80.08,25.04,38,16,10,12,57,57,58,57.21,56.85,54.52
2021-12-12,2021-2022,burnley,west ham united,0,0,D,3.74,3.75,2.05,76,77,75,76,33,26.36,79,80,79,77,33,27.82,38,7,14,17,34,53,35,41.11,60.22,38.1,38,16,8,14,60,51,56,54.98,53.88,53.56
2021-12-12,2021-2022,leicester city,newcastle united,4,0,H,1.78,4.01,4.71,80,80,80,78,31,24.09,77,78,77,77,33,27.0,38,14,10,14,62,59,52,49.49,66.11,42.31,38,13,10,15,44,62,49,41.53,62.71,41.53
2021-12-12,2021-2022,crystal palace,everton,3,1,H,2.3,3.22,3.63,76,77,76,75,33,26.45,78,78,78,77,33,25.73,38,11,15,12,50,46,48,48.84,41.33,58.15,38,11,6,21,43,66,39,44.47,60.69,43.54
2021-12-14,2021-2022,norwich city,aston villa,0,2,A,3.45,3.3,2.33,73,75,73,73,33,25.55,78,79,78,79,33,25.45,38,5,7,26,23,84,22,31.51,80.08,25.04,38,13,6,19,52,54,45,43.13,53.1,46.2
2021-12-14,2021-2022,manchester city,leeds united,7,0,H,1.16,9.0,19.75,85,84,87,86,32,26.09,76,77,77,75,32,26.0,38,29,6,3,99,26,93,93.4,25.21,91.88,38,9,11,18,42,79,38,51.19,71.31,43.86
2021-12-15,2021-2022,brighton & hove albion,wolverhampton wanderers,0,1,A,2.37,3.05,3.66,76,75,73,77,33,24.82,78,78,80,78,33,27.73,38,12,15,11,42,44,51,49.57,47.21,54.18,38,15,6,17,38,43,51,39.04,58.48,40.54
2021-12-15,2021-2022,crystal palace,southampton,2,2,D,2.17,3.41,3.71,76,77,76,75,33,26.45,76,75,76,76,32,25.45,38,11,15,12,50,46,48,48.84,41.33,58.15,38,9,13,16,43,67,40,47.35,64.56,43.45
2021-12-15,2021-2022,arsenal,west ham united,2,0,H,2.27,3.58,3.32,80,77,80,77,33,22.82,79,80,79,77,33,27.82,38,22,3,13,61,48,69,63.39,48.39,64.76,38,16,8,14,60,51,56,54.98,53.88,53.56
2021-12-16,2021-2022,chelsea,everton,1,1,D,1.24,6.36,14.4,84,84,85,83,33,27.36,78,78,78,77,33,25.73,38,21,11,6,76,33,74,69.3,35.12,73.38,38,11,6,21,43,66,39,44.47,60.69,43.54
2021-12-16,2021-2022,liverpool,newcastle united,3,1,H,1.13,9.72,24.98,85,86,84,85,33,27.73,77,78,77,77,33,27.0,38,28,8,2,94,26,92,93.02,32.73,86.56,38,13,10,15,44,62,49,41.53,62.71,41.53
2021-12-18,2021-2022,leeds united,arsenal,1,4,A,3.89,3.84,1.93,76,77,77,75,32,26.0,80,77,80,77,33,22.82,38,9,11,18,42,79,38,51.19,71.31,43.86,38,22,3,13,61,48,69,63.39,48.39,64.76
2021-12-19,2021-2022,newcastle united,manchester city,0,4,A,16.21,7.42,1.18,77,78,77,77,33,27.0,85,84,87,86,32,26.09,38,13,10,15,44,62,49,41.53,62.71,41.53,38,29,6,3,99,26,93,93.4,25.21,91.88
2021-12-19,2021-2022,wolverhampton wanderers,chelsea,0,0,D,6.52,3.92,1.59,78,78,80,78,33,27.73,84,84,85,83,33,27.36,38,15,6,17,38,43,51,39.04,58.48,40.54,38,21,11,6,76,33,74,69.3,35.12,73.38
2021-12-19,2021-2022,tottenham hotspur,liverpool,2,2,D,5.19,4.78,1.57,81,83,81,78,33,25.45,85,86,84,85,33,27.73,38,22,5,11,69,40,71,67.95,43.7,66.09,38,28,8,2,94,26,92,93.02,32.73,86.56
2021-12-26,2021-2022,manchester city,leicester city,6,3,H,1.19,7.91,13.72,85,84,87,86,32,26.09,80,80,80,78,31,24.09,38,29,6,3,99,26,93,93.4,25.21,91.88,38,14,10,14,62,59,52,49.49,66.11,42.31
2021-12-26,2021-2022,norwich city,arsenal,0,5,A,8.02,4.81,1.42,73,75,73,73,33,25.55,80,77,80,77,33,22.82,38,5,7,26,23,84,22,31.51,80.08,25.04,38,22,3,13,61,48,69,63.39,48.39,64.76
2021-12-26,2021-2022,tottenham hotspur,crystal palace,3,0,H,1.7,3.91,5.21,81,83,81,78,33,25.45,76,77,76,75,33,26.45,38,22,5,11,69,40,71,67.95,43.7,66.09,38,11,15,12,50,46,48,48.84,41.33,58.15
2021-12-26,2021-2022,west ham united,southampton,2,3,A,1.86,3.78,4.28,79,80,79,77,33,27.82,76,75,76,76,32,25.45,38,16,8,14,60,51,56,54.98,53.88,53.56,38,9,13,16,43,67,40,47.35,64.56,43.45
2021-12-26,2021-2022,aston villa,chelsea,1,3,A,5.57,3.77,1.69,78,79,78,79,33,25.45,84,84,85,83,33,27.36,38,13,6,19,52,54,45,43.13,53.1,46.2,38,21,11,6,76,33,74,69.3,35.12,73.38
2021-12-26,2021-2022,brighton & hove albion,brentford,2,0,H,1.95,3.49,4.25,76,75,73,77,33,24.82,74,74,75,74,33,25.27,38,12,15,11,42,44,51,49.57,47.21,54.18,38,13,7,18,48,56,46,52.89,49.5,56.0
2021-12-27,2021-2022,newcastle united,manchester united,1,1,D,6.92,4.46,1.49,77,78,77,77,33,27.0,83,82,83,81,33,26.18,38,13,10,15,44,62,49,41.53,62.71,41.53,38,16,10,12,57,57,58,57.21,56.85,54.52
2021-12-28,2021-2022,crystal palace,norwich city,3,0,H,1.69,3.77,5.91,76,77,76,75,33,26.45,73,75,73,73,33,25.55,38,11,15,12,50,46,48,48.84,41.33,58.15,38,5,7,26,23,84,22,31.51,80.08,25.04
2021-12-28,2021-2022,southampton,tottenham hotspur,1,1,D,3.87,3.52,2.08,76,75,76,76,32,25.45,81,83,81,78,33,25.45,38,9,13,16,43,67,40,47.35,64.56,43.45,38,22,5,11,69,40,71,67.95,43.7,66.09
2021-12-28,2021-2022,watford,west ham united,1,4,A,3.35,3.6,2.24,74,74,75,74,33,28.45,79,80,79,77,33,27.82,38,6,5,27,34,77,23,39.34,67.53,35.45,38,16,8,14,60,51,56,54.98,53.88,53.56
2021-12-28,2021-2022,leicester city,liverpool,1,0,H,7.76,5.82,1.38,80,80,80,78,31,24.09,85,86,84,85,33,27.73,38,14,10,14,62,59,52,49.49,66.11,42.31,38,28,8,2,94,26,92,93.02,32.73,86.56
2021-12-29,2021-2022,chelsea,brighton & hove albion,1,1,D,1.42,4.56,8.59,84,84,85,83,33,27.36,76,75,73,77,33,24.82,38,21,11,6,76,33,74,69.3,35.12,73.38,38,12,15,11,42,44,51,49.57,47.21,54.18
2021-12-29,2021-2022,brentford,manchester city,0,1,A,16.97,7.96,1.17,74,74,75,74,33,25.27,85,84,87,86,32,26.09,38,13,7,18,48,56,46,52.89,49.5,56.0,38,29,6,3,99,26,93,93.4,25.21,91.88
2021-12-30,2021-2022,manchester united,burnley,3,1,H,1.38,4.97,8.67,83,82,83,81,33,26.18,76,77,75,76,33,26.36,38,16,10,12,57,57,58,57.21,56.85,54.52,38,7,14,17,34,53,35,41.11,60.22,38.1
2022-01-01,2021-2022,arsenal,manchester city,1,2,A,6.01,4.57,1.53,80,77,80,77,33,22.82,85,84,87,86,32,26.09,38,22,3,13,61,48,69,63.39,48.39,64.76,38,29,6,3,99,26,93,93.4,25.21,91.88
2022-01-01,2021-2022,watford,tottenham hotspur,0,1,A,5.42,4.25,1.62,74,74,75,74,33,28.45,81,83,81,78,33,25.45,38,6,5,27,34,77,23,39.34,67.53,35.45,38,22,5,11,69,40,71,67.95,43.7,66.09
2022-01-01,2021-2022,crystal palace,west ham united,2,3,A,3.09,3.41,2.4,76,77,76,75,33,26.45,79,80,79,77,33,27.82,38,11,15,12,50,46,48,48.84,41.33,58.15,38,16,8,14,60,51,56,54.98,53.88,53.56
2022-01-02,2021-2022,brentford,aston villa,2,1,H,3.09,3.3,2.46,74,74,75,74,33,25.27,78,79,78,79,33,25.45,38,13,7,18,48,56,46,52.89,49.5,56.0,38,13,6,19,52,54,45,43.13,53.1,46.2
2022-01-02,2021-2022,everton,brighton & hove albion,2,3,A,2.87,3.08,2.78,78,78,78,77,33,25.73,76,75,73,77,33,24.82,38,11,6,21,43,66,39,44.47,60.69,43.54,38,12,15,11,42,44,51,49.57,47.21,54.18
2022-01-02,2021-2022,leeds united,burnley,3,1,H,2.02,3.59,3.83,76,77,77,75,32,26.0,76,77,75,76,33,26.36,38,9,11,18,42,79,38,51.19,71.31,43.86,38,7,14,17,34,53,35,41.11,60.22,38.1
2022-01-02,2021-2022,chelsea,liverpool,2,2,D,3.14,3.6,2.29,84,84,85,83,33,27.36,85,86,84,85,33,27.73,38,21,11,6,76,33,74,69.3,35.12,73.38,38,28,8,2,94,26,92,93.02,32.73,86.56
2022-01-03,2021-2022,manchester united,wolverhampton wanderers,0,1,A,1.56,4.37,5.98,83,82,83,81,33,26.18,78,78,80,78,33,27.73,38,16,10,12,57,57,58,57.21,56.85,54.52,38,15,6,17,38,43,51,39.04,58.48,40.54
2022-01-11,2021-2022,southampton,brentford,4,1,H,2.15,3.37,3.82,76,75,76,76,32,25.45,74,74,75,74,33,25.27,38,9,13,16,43,67,40,47.35,64.56,43.45,38,13,7,18,48,56,46,52.89,49.5,56.0
2022-01-12,2021-2022,west ham united,norwich city,2,0,H,1.32,5.53,10.04,79,80,79,77,33,27.82,73,75,73,73,33,25.55,38,16,8,14,60,51,56,54.98,53.88,53.56,38,5,7,26,23,84,22,31.51,80.08,25.04
2022-01-14,2021-2022,brighton & hove albion,crystal palace,1,1,D,2.11,3.29,4.08,76,75,73,77,33,24.82,76,77,76,75,33,26.45,38,12,15,11,42,44,51,49.57,47.21,54.18,38,11,15,12,50,46,48,48.84,41.33,58.15
2022-01-15,2021-2022,manchester city,chelsea,1,0,H,1.72,3.79,5.2,85,84,87,86,32,26.09,84,84,85,83,33,27.36,38,29,6,3,99,26,93,93.4,25.21,91.88,38,21,11,6,76,33,74,69.3,35.12,73.38
2022-01-15,2021-2022,newcastle united,watford,1,1,D,2.05,3.74,3.59,77,78,77,77,33,27.0,74,74,75,74,33,28.45,38,13,10,15,44,62,49,41.53,62.71,41.53,38,6,5,27,34,77,23,39.34,67.53,35.45
2022-01-15,2021-2022,norwich city,everton,2,1,H,3.77,3.54,2.06,73,75,73,73,33,25.55,78,78,78,77,33,25.73,38,5,7,26,23,84,22,31.51,80.08,25.04,38,11,6,21,43,66,39,44.47,60.69,43.54
2022-01-15,2021-2022,wolverhampton wanderers,southampton,3,1,H,2.35,3.18,3.4,78,78,80,78,33,27.73,76,75,76,76,32,25.45,38,15,6,17,38,43,51,39.04,58.48,40.54,38,9,13,16,43,67,40,47.35,64.56,43.45
2022-01-15,2021-2022,aston villa,manchester united,2,2,D,2.89,3.51,2.49,78,79,78,79,33,25.45,83,82,83,81,33,26.18,38,13,6,19,52,54,45,43.13,53.1,46.2,38,16,10,12,57,57,58,57.21,56.85,54.52
2022-01-16,2021-2022,liverpool,brentford,3,0,H,1.3,5.82,10.45,85,86,84,85,33,27.73,74,74,75,74,33,25.27,38,28,8,2,94,26,92,93.02,32.73,86.56,38,13,7,18,48,56,46,52.89,49.5,56.0
2022-01-16,2021-2022,west ham united,leeds united,2,3,A,1.65,4.28,5.13,79,80,79,77,33,27.82,76,77,77,75,32,26.0,38,16,8,14,60,51,56,54.98,53.88,53.56,38,9,11,18,42,79,38,51.19,71.31,43.86
2022-01-18,2021-2022,brighton & hove albion,chelsea,1,1,D,4.75,3.79,1.78,76,75,73,77,33,24.82,84,84,85,83,33,27.36,38,12,15,11,42,44,51,49.57,47.21,54.18,38,21,11,6,76,33,74,69.3,35.12,73.38
2022-01-19,2021-2022,leicester city,tottenham hotspur,2,3,A,3.12,3.41,2.38,80,80,80,78,31,24.09,81,83,81,78,33,25.45,38,14,10,14,62,59,52,49.49,66.11,42.31,38,22,5,11,69,40,71,67.95,43.7,66.09
2022-01-19,2021-2022,brentford,manchester united,1,3,A,4.68,3.46,1.88,74,74,75,74,33,25.27,83,82,83,81,33,26.18,38,13,7,18,48,56,46,52.89,49.5,56.0,38,16,10,12,57,57,58,57.21,56.85,54.52
2022-01-21,2021-2022,watford,norwich city,0,3,A,2.09,3.53,3.66,74,74,75,74,33,28.45,73,75,73,73,33,25.55,38,6,5,27,34,77,23,39.34,67.53,35.45,38,5,7,26,23,84,22,31.51,80.08,25.04
2022-01-22,2021-2022,everton,aston villa,0,1,A,2.82,3.25,2.7,78,78,78,77,33,25.73,78,79,78,79,33,25.45,38,11,6,21,43,66,39,44.47,60.69,43.54,38,13,6,19,52,54,45,43.13,53.1,46.2
2022-01-22,2021-2022,brentford,wolverhampton wanderers,1,2,A,3.15,3.11,2.54,74,74,75,74,33,25.27,78,78,80,78,33,27.73,38,13,7,18,48,56,46,52.89,49.5,56.0,38,15,6,17,38,43,51,39.04,58.48,40.54
2022-01-22,2021-2022,leeds united,newcastle united,0,1,A,2.03,3.72,3.67,76,77,77,75,32,26.0,77,78,77,77,33,27.0,38,9,11,18,42,79,38,51.19,71.31,43.86,38,13,10,15,44,62,49,41.53,62.71,41.53
2022-01-22,2021-2022,manchester united,west ham united,1,0,H,1.93,3.85,3.9,83,82,83,81,33,26.18,79,80,79,77,33,27.82,38,16,10,12,57,57,58,57.21,56.85,54.52,38,16,8,14,60,51,56,54.98,53.88,53.56
2022-01-22,2021-2022,southampton,manchester city,1,1,D,10.23,6.18,1.27,76,75,76,76,32,25.45,85,84,87,86,32,26.09,38,9,13,16,43,67,40,47.35,64.56,43.45,38,29,6,3,99,26,93,93.4,25.21,91.88
2022-01-23,2021-2022,arsenal,burnley,0,0,D,1.36,5.22,9.18,80,77,80,77,33,22.82,76,77,75,76,33,26.36,38,22,3,13,61,48,69,63.39,48.39,64.76,38,7,14,17,34,53,35,41.11,60.22,38.1
2022-01-23,2021-2022,crystal palace,liverpool,1,3,A,5.75,4.14,1.61,76,77,76,75,33,26.45,85,86,84,85,33,27.73,38,11,15,12,50,46,48,48.84,41.33,58.15,38,28,8,2,94,26,92,93.02,32.73,86.56
2022-01-23,2021-2022,leicester city,brighton & hove albion,1,1,D,2.66,3.36,2.78,80,80,80,78,31,24.09,76,75,73,77,33,24.82,38,14,10,14,62,59,52,49.49,66.11,42.31,38,12,15,11,42,44,51,49.57,47.21,54.18
2022-01-23,2021-2022,chelsea,tottenham hotspur,2,0,H,1.7,4.17,4.82,84,84,85,83,33,27.36,81,83,81,78,33,25.45,38,21,11,6,76,33,74,69.3,35.12,73.38,38,22,5,11,69,40,71,67.95,43.7,66.09
2022-02-05,2021-2022,burnley,watford,0,0,D,2.19,3.27,3.69,76,77,75,76,33,26.36,74,74,75,74,33,28.45,38,7,14,17,34,53,35,41.11,60.22,38.1,38,6,5,27,34,77,23,39.34,67.53,35.45
2022-02-08,2021-2022,newcastle united,everton,3,1,H,2.57,3.42,2.94,77,78,77,77,33,27.0,78,78,78,77,33,25.73,38,13,10,15,44,62,49,41.53,62.71,41.53,38,11,6,21,43,66,39,44.47,60.69,43.54
2022-02-08,2021-2022,west ham united,watford,1,0,H,1.54,4.42,6.7,79,80,79,77,33,27.82,74,74,75,74,33,28.45,38,16,8,14,60,51,56,54.98,53.88,53.56,38,6,5,27,34,77,23,39.34,67.53,35.45
2022-02-08,2021-2022,burnley,manchester united,1,1,D,6.09,4.13,1.62,76,77,75,76,33,26.36,83,82,83,81,33,26.18,38,7,14,17,34,53,35,41.11,60.22,38.1,38,16,10,12,57,57,58,57.21,56.85,54.52
2022-02-09,2021-2022,manchester city,brentford,2,0,H,1.12,10.16,25.77,85,84,87,86,32,26.09,74,74,75,74,33,25.27,38,29,6,3,99,26,93,93.4,25.21,91.88,38,13,7,18,48,56,46,52.89,49.5,56.0
2022-02-09,2021-2022,norwich city,crystal palace,1,1,D,3.66,3.38,2.21,73,75,73,73,33,25.55,76,77,76,75,33,26.45,38,5,7,26,23,84,22,31.51,80.08,25.04,38,11,15,12,50,46,48,48.84,41.33,58.15
2022-02-09,2021-2022,tottenham hotspur,southampton,2,3,A,1.61,4.19,6.03,81,83,81,78,33,25.45,76,75,76,76,32,25.45,38,22,5,11,69,40,71,67.95,43.7,66.09,38,9,13,16,43,67,40,47.35,64.56,43.45
2022-02-09,2021-2022,aston villa,leeds united,3,3,D,1.83,4.0,4.4,78,79,78,79,33,25.45,76,77,77,75,32,26.0,38,13,6,19,52,54,45,43.13,53.1,46.2,38,9,11,18,42,79,38,51.19,71.31,43.86
2022-02-10,2021-2022,liverpool,leicester city,2,0,H,1.26,6.84,11.21,85,86,84,85,33,27.73,80,80,80,78,31,24.09,38,28,8,2,94,26,92,93.02,32.73,86.56,38,14,10,14,62,59,52,49.49,66.11,42.31
2022-02-10,2021-2022,wolverhampton wanderers,arsenal,0,1,A,3.72,3.28,2.23,78,78,80,78,33,27.73,80,77,80,77,33,22.82,38,15,6,17,38,43,51,39.04,58.48,40.54,38,22,3,13,61,48,69,63.39,48.39,64.76
2022-02-12,2021-2022,manchester united,southampton,1,1,D,1.63,4.32,5.53,83,82,83,81,33,26.18,76,75,76,76,32,25.45,38,16,10,12,57,57,58,57.21,56.85,54.52,38,9,13,16,43,67,40,47.35,64.56,43.45
2022-02-12,2021-2022,brentford,crystal palace,0,0,D,2.77,3.08,2.98,74,74,75,74,33,25.27,76,77,76,75,33,26.45,38,13,7,18,48,56,46,52.89,49.5,56.0,38,11,15,12,50,46,48,48.84,41.33,58.15
2022-02-12,2021-2022,everton,leeds united,3,0,H,2.37,3.58,3.12,78,78,78,77,33,25.73,76,77,77,75,32,26.0,38,11,6,21,43,66,39,44.47,60.69,43.54,38,9,11,18,42,79,38,51.19,71.31,43.86
2022-02-12,2021-2022,watford,brighton & hove albion,0,2,A,3.85,3.38,2.14,74,74,75,74,33,28.45,76,75,73,77,33,24.82,38,6,5,27,34,77,23,39.34,67.53,35.45,38,12,15,11,42,44,51,49.57,47.21,54.18
2022-02-12,2021-2022,norwich city,manchester city,0,4,A,18.96,7.94,1.18,73,75,73,73,33,25.55,85,84,87,86,32,26.09,38,5,7,26,23,84,22,31.51,80.08,25.04,38,29,6,3,99,26,93,93.4,25.21,91.88
2022-02-13,2021-2022,burnley,liverpool,0,1,A,10.82,6.03,1.29,76,77,75,76,33,26.36,85,86,84,85,33,27.73,38,7,14,17,34,53,35,41.11,60.22,38.1,38,28,8,2,94,26,92,93.02,32.73,86.56
2022-02-13,2021-2022,newcastle united,aston villa,1,0,H,2.78,3.48,2.67,77,78,77,77,33,27.0,78,79,78,79,33,25.45,38,13,10,15,44,62,49,41.53,62.71,41.53,38,13,6,19,52,54,45,43.13,53.1,46.2
2022-02-13,2021-2022,tottenham hotspur,wolverhampton wanderers,0,2,A,1.69,3.82,5.86,81,83,81,78,33,25.45,78,78,80,78,33,27.73,38,22,5,11,69,40,71,67.95,43.7,66.09,38,15,6,17,38,43,51,39.04,58.48,40.54
2022-02-13,2021-2022,leicester city,west ham united,2,2,D,3.05,3.62,2.39,80,80,80,78,31,24.09,79,80,79,77,33,27.82,38,14,10,14,62,59,52,49.49,66.11,42.31,38,16,8,14,60,51,56,54.98,53.88,53.56
2022-02-15,2021-2022,manchester united,brighton & hove albion,2,0,H,1.81,3.78,4.87,83,82,83,81,33,26.18,76,75,73,77,33,24.82,38,16,10,12,57,57,58,57.21,56.85,54.52,38,12,15,11,42,44,51,49.57,47.21,54.18
2022-02-19,2021-2022,west ham united,newcastle united,1,1,D,1.72,3.88,5.4,79,80,79,77,33,27.82,77,78,77,77,33,27.0,38,16,8,14,60,51,56,54.98,53.88,53.56,38,13,10,15,44,62,49,41.53,62.71,41.53
2022-02-19,2021-2022,arsenal,brentford,2,1,H,1.47,4.46,8.32,80,77,80,77,33,22.82,74,74,75,74,33,25.27,38,22,3,13,61,48,69,63.39,48.39,64.76,38,13,7,18,48,56,46,52.89,49.5,56.0
2022-02-19,2021-2022,aston villa,watford,0,1,A,1.68,3.95,5.62,78,79,78,79,33,25.45,74,74,75,74,33,28.45,38,13,6,19,52,54,45,43.13,53.1,46.2,38,6,5,27,34,77,23,39.34,67.53,35.45
2022-02-19,2021-2022,brighton & hove albion,burnley,0,3,A,1.67,3.78,6.18,76,75,73,77,33,24.82,76,77,75,76,33,26.36,38,12,15,11,42,44,51,49.57,47.21,54.18,38,7,14,17,34,53,35,41.11,60.22,38.1
2022-02-19,2021-2022,crystal palace,chelsea,0,1,A,5.86,3.99,1.66,76,77,76,75,33,26.45,84,84,85,83,33,27.36,38,11,15,12,50,46,48,48.84,41.33,58.15,38,21,11,6,76,33,74,69.3,35.12,73.38
2022-02-19,2021-2022,liverpool,norwich city,3,1,H,1.13,9.98,26.49,85,86,84,85,33,27.73,73,75,73,73,33,25.55,38,28,8,2,94,26,92,93.02,32.73,86.56,38,5,7,26,23,84,22,31.51,80.08,25.04
2022-02-19,2021-2022,southampton,everton,2,0,H,2.1,3.61,3.71,76,75,76,76,32,25.45,78,78,78,77,33,25.73,38,9,13,16,43,67,40,47.35,64.56,43.45,38,11,6,21,43,66,39,44.47,60.69,43.54
2022-02-19,2021-2022,manchester city,tottenham hotspur,2,3,A,1.29,6.05,11.91,85,84,87,86,32,26.09,81,83,81,78,33,25.45,38,29,6,3,99,26,93,93.4,25.21,91.88,38,22,5,11,69,40,71,67.95,43.7,66.09
2022-02-20,2021-2022,leeds united,manchester united,2,4,A,4.12,3.84,1.93,76,77,77,75,32,26.0,83,82,83,81,33,26.18,38,9,11,18,42,79,38,51.19,71.31,43.86,38,16,10,12,57,57,58,57.21,56.85,54.52
2022-02-20,2021-2022,wolverhampton wanderers,leicester city,2,1,H,2.34,3.24,3.5,78,78,80,78,33,27.73,80,80,80,78,31,24.09,38,15,6,17,38,43,51,39.04,58.48,40.54,38,14,10,14,62,59,52,49.49,66.11,42.31
2022-02-23,2021-2022,burnley,tottenham hotspur,1,0,H,4.94,3.78,1.79,76,77,75,76,33,26.36,81,83,81,78,33,25.45,38,7,14,17,34,53,35,41.11,60.22,38.1,38,22,5,11,69,40,71,67.95,43.7,66.09
2022-02-23,2021-2022,watford,crystal palace,1,4,A,3.24,3.24,2.47,74,74,75,74,33,28.45,76,77,76,75,33,26.45,38,6,5,27,34,77,23,39.34,67.53,35.45,38,11,15,12,50,46,48,48.84,41.33,58.15
2022-02-23,2021-2022,liverpool,leeds united,6,0,H,1.16,8.87,17.91,85,86,84,85,33,27.73,76,77,77,75,32,26.0,38,28,8,2,94,26,92,93.02,32.73,86.56,38,9,11,18,42,79,38,51.19,71.31,43.86
2022-02-24,2021-2022,arsenal,wolverhampton wanderers,2,1,H,1.65,3.9,6.08,80,77,80,77,33,22.82,78,78,80,78,33,27.73,38,22,3,13,61,48,69,63.39,48.39,64.76,38,15,6,17,38,43,51,39.04,58.48,40.54
2022-02-25,2021-2022,southampton,norwich city,2,0,H,1.56,4.35,6.55,76,75,76,76,32,25.45,73,75,73,73,33,25.55,38,9,13,16,43,67,40,47.35,64.56,43.45,38,5,7,26,23,84,22,31.51,80.08,25.04
2022-02-26,2021-2022,leeds united,tottenham hotspur,0,4,A,4.14,4.03,1.87,76,77,77,75,32,26.0,81,83,81,78,33,25.45,38,9,11,18,42,79,38,51.19,71.31,43.86,38,22,5,11,69,40,71,67.95,43.7,66.09
2022-02-26,2021-2022,brentford,newcastle united,0,2,A,2.55,3.2,3.15,74,74,75,74,33,25.27,77,78,77,77,33,27.0,38,13,7,18,48,56,46,52.89,49.5,56.0,38,13,10,15,44,62,49,41.53,62.71,41.53
2022-02-26,2021-2022,crystal palace,burnley,1,1,D,2.0,3.44,4.29,76,77,76,75,33,26.45,76,77,75,76,33,26.36,38,11,15,12,50,46,48,48.84,41.33,58.15,38,7,14,17,34,53,35,41.11,60.22,38.1
2022-02-26,2021-2022,manchester united,watford,0,0,D,1.36,5.67,8.94,83,82,83,81,33,26.18,74,74,75,74,33,28.45,38,16,10,12,57,57,58,57.21,56.85,54.52,38,6,5,27,34,77,23,39.34,67.53,35.45
2022-02-26,2021-2022,brighton & hove albion,aston villa,0,2,A,2.24,3.42,3.52,76,75,73,77,33,24.82,78,79,78,79,33,25.45,38,12,15,11,42,44,51,49.57,47.21,54.18,38,13,6,19,52,54,45,43.13,53.1,46.2
2022-02-26,2021-2022,everton,manchester city,0,1,A,10.59,6.17,1.29,78,78,78,77,33,25.73,85,84,87,86,32,26.09,38,11,6,21,43,66,39,44.47,60.69,43.54,38,29,6,3,99,26,93,93.4,25.21,91.88
2022-02-27,2021-2022,west ham united,wolverhampton wanderers,1,0,H,2.15,3.23,4.03,79,80,79,77,33,27.82,78,78,80,78,33,27.73,38,16,8,14,60,51,56,54.98,53.88,53.56,38,15,6,17,38,43,51,39.04,58.48,40.54
2022-03-01,2021-2022,burnley,leicester city,0,2,A,2.98,3.39,2.55,76,77,75,76,33,26.36,80,80,80,78,31,24.09,38,7,14,17,34,53,35,41.11,60.22,38.1,38,14,10,14,62,59,52,49.49,66.11,42.31
2022-03-05,2021-2022,leicester city,leeds united,1,0,H,1.82,4.23,4.21,80,80,80,78,31,24.09,76,77,77,75,32,26.0,38,14,10,14,62,59,52,49.49,66.11,42.31,38,9,11,18,42,79,38,51.19,71.31,43.86
2022-03-05,2021-2022,aston villa,southampton,4,0,H,2.42,3.49,3.1,78,79,78,79,33,25.45,76,75,76,76,32,25.45,38,13,6,19,52,54,45,43.13,53.1,46.2,38,9,13,16,43,67,40,47.35,64.56,43.45
2022-03-05,2021-2022,burnley,chelsea,0,4,A,7.69,4.19,1.52,76,77,75,76,33,26.36,84,84,85,83,33,27.36,38,7,14,17,34,53,35,41.11,60.22,38.1,38,21,11,6,76,33,74,69.3,35.12,73.38
2022-03-05,2021-2022,newcastle united,brighton & hove albion,2,1,H,2.82,3.23,2.8,77,78,77,77,33,27.0,76,75,73,77,33,24.82,38,13,10,15,44,62,49,41.53,62.71,41.53,38,12,15,11,42,44,51,49.57,47.21,54.18
2022-03-05,2021-2022,norwich city,brentford,1,3,A,3.04,3.19,2.64,73,75,73,73,33,25.55,74,74,75,74,33,25.27,38,5,7,26,23,84,22,31.51,80.08,25.04,38,13,7,18,48,56,46,52.89,49.5,56.0
2022-03-05,2021-2022,wolverhampton wanderers,crystal palace,0,2,A,2.43,3.08,3.5,78,78,80,78,33,27.73,76,77,76,75,33,26.45,38,15,6,17,38,43,51,39.04,58.48,40.54,38,11,15,12,50,46,48,48.84,41.33,58.15
2022-03-05,2021-2022,liverpool,west ham united,1,0,H,1.3,5.99,10.58,85,86,84,85,33,27.73,79,80,79,77,33,27.82,38,28,8,2,94,26,92,93.02,32.73,86.56,38,16,8,14,60,51,56,54.98,53.88,53.56
2022-03-06,2021-2022,watford,arsenal,2,3,A,6.29,4.03,1.62,74,74,75,74,33,28.45,80,77,80,77,33,22.82,38,6,5,27,34,77,23,39.34,67.53,35.45,38,22,3,13,61,48,69,63.39,48.39,64.76
2022-03-06,2021-2022,manchester city,manchester united,4,1,H,1.43,4.9,8.34,85,84,87,86,32,26.09,83,82,83,81,33,26.18,38,29,6,3,99,26,93,93.4,25.21,91.88,38,16,10,12,57,57,58,57.21,56.85,54.52
2022-03-07,2021-2022,tottenham hotspur,everton,5,0,H,1.61,4.27,5.97,81,83,81,78,33,25.45,78,78,78,77,33,25.73,38,22,5,11,69,40,71,67.95,43.7,66.09,38,11,6,21,43,66,39,44.47,60.69,43.54
2022-03-10,2021-2022,norwich city,chelsea,1,3,A,14.15,5.78,1.28,73,75,73,73,33,25.55,84,84,85,83,33,27.36,38,5,7,26,23,84,22,31.51,80.08,25.04,38,21,11,6,76,33,74,69.3,35.12,73.38
2022-03-10,2021-2022,southampton,newcastle united,1,2,A,1.99,3.78,3.89,76,75,76,76,32,25.45,77,78,77,77,33,27.0,38,9,13,16,43,67,40,47.35,64.56,43.45,38,13,10,15,44,62,49,41.53,62.71,41.53
2022-03-10,2021-2022,wolverhampton wanderers,watford,4,0,H,1.84,3.56,5.02,78,78,80,78,33,27.73,74,74,75,74,33,28.45,38,15,6,17,38,43,51,39.04,58.48,40.54,38,6,5,27,34,77,23,39.34,67.53,35.45
2022-03-10,2021-2022,leeds united,aston villa,0,3,A,2.75,3.64,2.61,76,77,77,75,32,26.0,78,79,78,79,33,25.45,38,9,11,18,42,79,38,51.19,71.31,43.86,38,13,6,19,52,54,45,43.13,53.1,46.2
2022-03-12,2021-2022,brighton & hove albion,liverpool,0,2,A,6.65,4.44,1.54,76,75,73,77,33,24.82,85,86,84,85,33,27.73,38,12,15,11,42,44,51,49.57,47.21,54.18,38,28,8,2,94,26,92,93.02,32.73,86.56
2022-03-12,2021-2022,brentford,burnley,2,0,H,2.25,3.2,3.78,74,74,75,74,33,25.27,76,77,75,76,33,26.36,38,13,7,18,48,56,46,52.89,49.5,56.0,38,7,14,17,34,53,35,41.11,60.22,38.1
2022-03-12,2021-2022,manchester united,tottenham hotspur,3,2,H,2.22,3.66,3.35,83,82,83,81,33,26.18,81,83,81,78,33,25.45,38,16,10,12,57,57,58,57.21,56.85,54.52,38,22,5,11,69,40,71,67.95,43.7,66.09
2022-03-13,2021-2022,chelsea,newcastle united,1,0,H,1.34,5.17,10.18,84,84,85,83,33,27.36,77,78,77,77,33,27.0,38,21,11,6,76,33,74,69.3,35.12,73.38,38,13,10,15,44,62,49,41.53,62.71,41.53
2022-03-13,2021-2022,everton,wolverhampton wanderers,0,1,A,2.37,3.2,3.48,78,78,78,77,33,25.73,78,78,80,78,33,27.73,38,11,6,21,43,66,39,44.47,60.69,43.54,38,15,6,17,38,43,51,39.04,58.48,40.54
2022-03-13,2021-2022,leeds united,norwich city,2,1,H,1.65,4.12,5.7,76,77,77,75,32,26.0,73,75,73,73,33,25.55,38,9,11,18,42,79,38,51.19,71.31,43.86,38,5,7,26,23,84,22,31.51,80.08,25.04
2022-03-13,2021-2022,southampton,watford,1,2,A,1.61,4.33,5.82,76,75,76,76,32,25.45,74,74,75,74,33,28.45,38,9,13,16,43,67,40,47.35,64.56,43.45,38,6,5,27,34,77,23,39.34,67.53,35.45
2022-03-13,2021-2022,west ham united,aston villa,2,1,H,2.41,3.3,3.28,79,80,79,77,33,27.82,78,79,78,79,33,25.45,38,16,8,14,60,51,56,54.98,53.88,53.56,38,13,6,19,52,54,45,43.13,53.1,46.2
2022-03-13,2021-2022,arsenal,leicester city,2,0,H,1.54,4.62,6.22,80,77,80,77,33,22.82,80,80,80,78,31,24.09,38,22,3,13,61,48,69,63.39,48.39,64.76,38,14,10,14,62,59,52,49.49,66.11,42.31
2022-03-14,2021-2022,crystal palace,manchester city,0,0,D,9.58,5.7,1.34,76,77,76,75,33,26.45,85,84,87,86,32,26.09,38,11,15,12,50,46,48,48.84,41.33,58.15,38,29,6,3,99,26,93,93.4,25.21,91.88
2022-03-16,2021-2022,brighton & hove albion,tottenham hotspur,0,2,A,3.38,3.37,2.33,76,75,73,77,33,24.82,81,83,81,78,33,25.45,38,12,15,11,42,44,51,49.57,47.21,54.18,38,22,5,11,69,40,71,67.95,43.7,66.09
2022-03-16,2021-2022,arsenal,liverpool,0,2,A,3.78,4.12,1.93,80,77,80,77,33,22.82,85,86,84,85,33,27.73,38,22,3,13,61,48,69,63.39,48.39,64.76,38,28,8,2,94,26,92,93.02,32.73,86.56
2022-03-17,2021-2022,everton,newcastle united,1,0,H,2.4,3.38,3.22,78,78,78,77,33,25.73,77,78,77,77,33,27.0,38,11,6,21,43,66,39,44.47,60.69,43.54,38,13,10,15,44,62,49,41.53,62.71,41.53
2022-03-18,2021-2022,wolverhampton wanderers,leeds united,2,3,A,2.17,3.53,3.6,78,78,80,78,33,27.73,76,77,77,75,32,26.0,38,15,6,17,38,43,51,39.04,58.48,40.54,38,9,11,18,42,79,38,51.19,71.31,43.86
2022-03-19,2021-2022,aston villa,arsenal,0,1,A,3.06,3.48,2.45,78,79,78,79,33,25.45,80,77,80,77,33,22.82,38,13,6,19,52,54,45,43.13,53.1,46.2,38,22,3,13,61,48,69,63.39,48.39,64.76
2022-03-20,2021-2022,leicester city,brentford,2,1,H,2.25,3.49,3.43,80,80,80,78,31,24.09,74,74,75,74,33,25.27,38,14,10,14,62,59,52,49.49,66.11,42.31,38,13,7,18,48,56,46,52.89,49.5,56.0
2022-03-20,2021-2022,tottenham hotspur,west ham united,3,1,H,1.78,3.89,4.92,81,83,81,78,33,25.45,79,80,79,77,33,27.82,38,22,5,11,69,40,71,67.95,43.7,66.09,38,16,8,14,60,51,56,54.98,53.88,53.56
2022-04-02,2021-2022,liverpool,watford,2,0,H,1.13,9.86,23.62,85,86,84,85,33,27.73,74,74,75,74,33,28.45,38,28,8,2,94,26,92,93.02,32.73,86.56,38,6,5,27,34,77,23,39.34,67.53,35.45
2022-04-02,2021-2022,brighton & hove albion,norwich city,0,0,D,1.53,4.08,7.94,76,75,73,77,33,24.82,73,75,73,73,33,25.55,38,12,15,11,42,44,51,49.57,47.21,54.18,38,5,7,26,23,84,22,31.51,80.08,25.04
2022-04-02,2021-2022,burnley,manchester city,0,2,A,15.0,6.63,1.23,76,77,75,76,33,26.36,85,84,87,86,32,26.09,38,7,14,17,34,53,35,41.11,60.22,38.1,38,29,6,3,99,26,93,93.4,25.21,91.88
2022-04-02,2021-2022,chelsea,brentford,1,4,A,1.35,5.18,10.7,84,84,85,83,33,27.36,74,74,75,74,33,25.27,38,21,11,6,76,33,74,69.3,35.12,73.38,38,13,7,18,48,56,46,52.89,49.5,56.0
2022-04-02,2021-2022,leeds united,southampton,1,1,D,2.39,3.69,3.01,76,77,77,75,32,26.0,76,75,76,76,32,25.45,38,9,11,18,42,79,38,51.19,71.31,43.86,38,9,13,16,43,67,40,47.35,64.56,43.45
2022-04-02,2021-2022,wolverhampton wanderers,aston villa,2,1,H,3.11,3.13,2.63,78,78,80,78,33,27.73,78,79,78,79,33,25.45,38,15,6,17,38,43,51,39.04,58.48,40.54,38,13,6,19,52,54,45,43.13,53.1,46.2
2022-04-02,2021-2022,manchester united,leicester city,1,1,D,1.52,4.71,6.41,83,82,83,81,33,26.18,80,80,80,78,31,24.09,38,16,10,12,57,57,58,57.21,56.85,54.52,38,14,10,14,62,59,52,49.49,66.11,42.31
2022-04-03,2021-2022,west ham united,everton,2,1,H,1.81,3.84,4.77,79,80,79,77,33,27.82,78,78,78,77,33,25.73,38,16,8,14,60,51,56,54.98,53.88,53.56,38,11,6,21,43,66,39,44.47,60.69,43.54
2022-04-03,2021-2022,tottenham hotspur,newcastle united,5,1,H,1.53,4.42,6.87,81,83,81,78,33,25.45,77,78,77,77,33,27.0,38,22,5,11,69,40,71,67.95,43.7,66.09,38,13,10,15,44,62,49,41.53,62.71,41.53
2022-04-04,2021-2022,crystal palace,arsenal,3,0,H,4.15,3.51,2.01,76,77,76,75,33,26.45,80,77,80,77,33,22.82,38,11,15,12,50,46,48,48.84,41.33,58.15,38,22,3,13,61,48,69,63.39,48.39,64.76
2022-04-06,2021-2022,burnley,everton,3,2,H,2.54,3.23,3.13,76,77,75,76,33,26.36,78,78,78,77,33,25.73,38,7,14,17,34,53,35,41.11,60.22,38.1,38,11,6,21,43,66,39,44.47,60.69,43.54
2022-04-08,2021-2022,newcastle united,wolverhampton wanderers,1,0,H,2.34,3.14,3.62,77,78,77,77,33,27.0,78,78,80,78,33,27.73,38,13,10,15,44,62,49,41.53,62.71,41.53,38,15,6,17,38,43,51,39.04,58.48,40.54
2022-04-09,2021-2022,everton,manchester united,1,0,H,4.52,3.89,1.83,78,78,78,77,33,25.73,83,82,83,81,33,26.18,38,11,6,21,43,66,39,44.47,60.69,43.54,38,16,10,12,57,57,58,57.21,56.85,54.52
2022-04-09,2021-2022,arsenal,brighton & hove albion,1,2,A,1.67,3.95,5.85,80,77,80,77,33,22.82,76,75,73,77,33,24.82,38,22,3,13,61,48,69,63.39,48.39,64.76,38,12,15,11,42,44,51,49.57,47.21,54.18
2022-04-09,2021-2022,southampton,chelsea,0,6,A,4.08,3.76,1.95,76,75,76,76,32,25.45,84,84,85,83,33,27.36,38,9,13,16,43,67,40,47.35,64.56,43.45,38,21,11,6,76,33,74,69.3,35.12,73.38
2022-04-09,2021-2022,watford,leeds united,0,3,A,2.75,3.6,2.63,74,74,75,74,33,28.45,76,77,77,75,32,26.0,38,6,5,27,34,77,23,39.34,67.53,35.45,38,9,11,18,42,79,38,51.19,71.31,43.86
2022-04-09,2021-2022,aston villa,tottenham hotspur,0,4,A,3.23,3.6,2.3,78,79,78,79,33,25.45,81,83,81,78,33,25.45,38,13,6,19,52,54,45,43.13,53.1,46.2,38,22,5,11,69,40,71,67.95,43.7,66.09
2022-04-10,2021-2022,brentford,west ham united,2,0,H,2.72,3.34,2.82,74,74,75,74,33,25.27,79,80,79,77,33,27.82,38,13,7,18,48,56,46,52.89,49.5,56.0,38,16,8,14,60,51,56,54.98,53.88,53.56
2022-04-10,2021-2022,leicester city,crystal palace,2,1,H,2.46,3.48,3.04,80,80,80,78,31,24.09,76,77,76,75,33,26.45,38,14,10,14,62,59,52,49.49,66.11,42.31,38,11,15,12,50,46,48,48.84,41.33,58.15
2022-04-10,2021-2022,norwich city,burnley,2,0,H,3.1,3.18,2.6,73,75,73,73,33,25.55,76,77,75,76,33,26.36,38,5,7,26,23,84,22,31.51,80.08,25.04,38,7,14,17,34,53,35,41.11,60.22,38.1
2022-04-10,2021-2022,manchester city,liverpool,2,2,D,2.1,3.75,3.56,85,84,87,86,32,26.09,85,86,84,85,33,27.73,38,29,6,3,99,26,93,93.4,25.21,91.88,38,28,8,2,94,26,92,93.02,32.73,86.56
2022-04-16,2021-2022,tottenham hotspur,brighton & hove albion,0,1,A,1.56,4.35,6.52,81,83,81,78,33,25.45,76,75,73,77,33,24.82,38,22,5,11,69,40,71,67.95,43.7,66.09,38,12,15,11,42,44,51,49.57,47.21,54.18
2022-04-16,2021-2022,manchester united,norwich city,3,2,H,1.23,6.6,14.96,83,82,83,81,33,26.18,73,75,73,73,33,25.55,38,16,10,12,57,57,58,57.21,56.85,54.52,38,5,7,26,23,84,22,31.51,80.08,25.04
2022-04-16,2021-2022,southampton,arsenal,1,0,H,3.97,3.79,1.97,76,75,76,76,32,25.45,80,77,80,77,33,22.82,38,9,13,16,43,67,40,47.35,64.56,43.45,38,22,3,13,61,48,69,63.39,48.39,64.76
2022-04-16,2021-2022,watford,brentford,1,2,A,2.95,3.33,2.62,74,74,75,74,33,28.45,74,74,75,74,33,25.27,38,6,5,27,34,77,23,39.34,67.53,35.45,38,13,7,18,48,56,46,52.89,49.5,56.0
2022-04-17,2021-2022,newcastle united,leicester city,2,1,H,2.25,3.46,3.46,77,78,77,77,33,27.0,80,80,80,78,31,24.09,38,13,10,15,44,62,49,41.53,62.71,41.53,38,14,10,14,62,59,52,49.49,66.11,42.31
2022-04-17,2021-2022,west ham united,burnley,1,1,D,1.73,3.99,5.11,79,80,79,77,33,27.82,76,77,75,76,33,26.36,38,16,8,14,60,51,56,54.98,53.88,53.56,38,7,14,17,34,53,35,41.11,60.22,38.1
2022-04-19,2021-2022,liverpool,manchester united,4,0,H,1.41,5.36,7.82,85,86,84,85,33,27.73,83,82,83,81,33,26.18,38,28,8,2,94,26,92,93.02,32.73,86.56,38,16,10,12,57,57,58,57.21,56.85,54.52
2022-04-20,2021-2022,chelsea,arsenal,2,4,A,1.88,3.77,4.42,84,84,85,83,33,27.36,80,77,80,77,33,22.82,38,21,11,6,76,33,74,69.3,35.12,73.38,38,22,3,13,61,48,69,63.39,48.39,64.76
2022-04-20,2021-2022,everton,leicester city,1,1,D,2.32,3.52,3.26,78,78,78,77,33,25.73,80,80,80,78,31,24.09,38,11,6,21,43,66,39,44.47,60.69,43.54,38,14,10,14,62,59,52,49.49,66.11,42.31
2022-04-20,2021-2022,newcastle united,crystal palace,1,0,H,2.4,3.24,3.36,77,78,77,77,33,27.0,76,77,76,75,33,26.45,38,13,10,15,44,62,49,41.53,62.71,41.53,38,11,15,12,50,46,48,48.84,41.33,58.15
2022-04-20,2021-2022,manchester city,brighton & hove albion,3,0,H,1.2,7.09,18.98,85,84,87,86,32,26.09,76,75,73,77,33,24.82,38,29,6,3,99,26,93,93.4,25.21,91.88,38,12,15,11,42,44,51,49.57,47.21,54.18
2022-04-21,2021-2022,burnley,southampton,2,0,H,2.75,3.48,2.69,76,77,75,76,33,26.36,76,75,76,76,32,25.45,38,7,14,17,34,53,35,41.11,60.22,38.1,38,9,13,16,43,67,40,47.35,64.56,43.45
2022-04-23,2021-2022,arsenal,manchester united,3,1,H,2.13,3.64,3.58,80,77,80,77,33,22.82,83,82,83,81,33,26.18,38,22,3,13,61,48,69,63.39,48.39,64.76,38,16,10,12,57,57,58,57.21,56.85,54.52
2022-04-23,2021-2022,leicester city,aston villa,0,0,D,2.95,3.43,2.55,80,80,80,78,31,24.09,78,79,78,79,33,25.45,38,14,10,14,62,59,52,49.49,66.11,42.31,38,13,6,19,52,54,45,43.13,53.1,46.2
2022-04-23,2021-2022,manchester city,watford,5,1,H,1.13,9.68,27.79,85,84,87,86,32,26.09,74,74,75,74,33,28.45,38,29,6,3,99,26,93,93.4,25.21,91.88,38,6,5,27,34,77,23,39.34,67.53,35.45
2022-04-23,2021-2022,norwich city,newcastle united,0,3,A,3.62,3.39,2.22,73,75,73,73,33,25.55,77,78,77,77,33,27.0,38,5,7,26,23,84,22,31.51,80.08,25.04,38,13,10,15,44,62,49,41.53,62.71,41.53
2022-04-23,2021-2022,brentford,tottenham hotspur,0,0,D,4.39,3.78,1.88,74,74,75,74,33,25.27,81,83,81,78,33,25.45,38,13,7,18,48,56,46,52.89,49.5,56.0,38,22,5,11,69,40,71,67.95,43.7,66.09
2022-04-24,2021-2022,brighton & hove albion,southampton,2,2,D,2.19,3.34,3.76,76,75,73,77,33,24.82,76,75,76,76,32,25.45,38,12,15,11,42,44,51,49.57,47.21,54.18,38,9,13,16,43,67,40,47.35,64.56,43.45
2022-04-24,2021-2022,burnley,wolverhampton wanderers,1,0,H,2.73,3.15,2.95,76,77,75,76,33,26.36,78,78,80,78,33,27.73,38,7,14,17,34,53,35,41.11,60.22,38.1,38,15,6,17,38,43,51,39.04,58.48,40.54
2022-04-24,2021-2022,chelsea,west ham united,1,0,H,1.53,4.53,6.68,84,84,85,83,33,27.36,79,80,79,77,33,27.82,38,21,11,6,76,33,74,69.3,35.12,73.38,38,16,8,14,60,51,56,54.98,53.88,53.56
2022-04-24,2021-2022,liverpool,everton,2,0,H,1.18,7.75,18.0,85,86,84,85,33,27.73,78,78,78,77,33,25.73,38,28,8,2,94,26,92,93.02,32.73,86.56,38,11,6,21,43,66,39,44.47,60.69,43.54
2022-04-25,2021-2022,crystal palace,leeds united,0,0,D,2.11,3.69,3.6,76,77,76,75,33,26.45,76,77,77,75,32,26.0,38,11,15,12,50,46,48,48.84,41.33,58.15,38,9,11,18,42,79,38,51.19,71.31,43.86
2022-04-28,2021-2022,manchester united,chelsea,1,1,D,3.23,3.68,2.27,83,82,83,81,33,26.18,84,84,85,83,33,27.36,38,16,10,12,57,57,58,57.21,56.85,54.52,38,21,11,6,76,33,74,69.3,35.12,73.38
2022-04-30,2021-2022,newcastle united,liverpool,0,1,A,8.02,4.99,1.43,77,78,77,77,33,27.0,85,86,84,85,33,27.73,38,13,10,15,44,62,49,41.53,62.71,41.53,38,28,8,2,94,26,92,93.02,32.73,86.56
2022-04-30,2021-2022,aston villa,norwich city,2,0,H,1.4,5.12,8.47,78,79,78,79,33,25.45,73,75,73,73,33,25.55,38,13,6,19,52,54,45,43.13,53.1,46.2,38,5,7,26,23,84,22,31.51,80.08,25.04
2022-04-30,2021-2022,southampton,crystal palace,1,2,A,2.47,3.35,3.13,76,75,76,76,32,25.45,76,77,76,75,33,26.45,38,9,13,16,43,67,40,47.35,64.56,43.45,38,11,15,12,50,46,48,48.84,41.33,58.15
2022-04-30,2021-2022,watford,burnley,1,2,A,2.71,3.4,2.78,74,74,75,74,33,28.45,76,77,75,76,33,26.36,38,6,5,27,34,77,23,39.34,67.53,35.45,38,7,14,17,34,53,35,41.11,60.22,38.1
2022-04-30,2021-2022,wolverhampton wanderers,brighton & hove albion,0,3,A,2.77,3.23,2.85,78,78,80,78,33,27.73,76,75,73,77,33,24.82,38,15,6,17,38,43,51,39.04,58.48,40.54,38,12,15,11,42,44,51,49.57,47.21,54.18
2022-04-30,2021-2022,leeds united,manchester city,0,4,A,9.72,6.15,1.32,76,77,77,75,32,26.0,85,84,87,86,32,26.09,38,9,11,18,42,79,38,51.19,71.31,43.86,38,29,6,3,99,26,93,93.4,25.21,91.88
2022-05-01,2021-2022,everton,chelsea,1,0,H,4.98,3.77,1.79,78,78,78,77,33,25.73,84,84,85,83,33,27.36,38,11,6,21,43,66,39,44.47,60.69,43.54,38,21,11,6,76,33,74,69.3,35.12,73.38
2022-05-01,2021-2022,tottenham hotspur,leicester city,3,1,H,1.45,4.99,7.29,81,83,81,78,33,25.45,80,80,80,78,31,24.09,38,22,5,11,69,40,71,67.95,43.7,66.09,38,14,10,14,62,59,52,49.49,66.11,42.31
2022-05-01,2021-2022,west ham united,arsenal,1,2,A,4.68,3.92,1.8,79,80,79,77,33,27.82,80,77,80,77,33,22.82,38,16,8,14,60,51,56,54.98,53.88,53.56,38,22,3,13,61,48,69,63.39,48.39,64.76
2022-05-02,2021-2022,manchester united,brentford,3,0,H,1.78,4.08,4.61,83,82,83,81,33,26.18,74,74,75,74,33,25.27,38,16,10,12,57,57,58,57.21,56.85,54.52,38,13,7,18,48,56,46,52.89,49.5,56.0
2022-05-07,2021-2022,brentford,southampton,3,0,H,2.25,3.42,3.5,74,74,75,74,33,25.27,76,75,76,76,32,25.45,38,13,7,18,48,56,46,52.89,49.5,56.0,38,9,13,16,43,67,40,47.35,64.56,43.45
2022-05-07,2021-2022,burnley,aston villa,1,3,A,3.07,3.34,2.52,76,77,75,76,33,26.36,78,79,78,79,33,25.45,38,7,14,17,34,53,35,41.11,60.22,38.1,38,13,6,19,52,54,45,43.13,53.1,46.2
2022-05-07,2021-2022,chelsea,wolverhampton wanderers,2,2,D,1.36,5.1,10.4,84,84,85,83,33,27.36,78,78,80,78,33,27.73,38,21,11,6,76,33,74,69.3,35.12,73.38,38,15,6,17,38,43,51,39.04,58.48,40.54
2022-05-07,2021-2022,crystal palace,watford,1,0,H,1.7,3.95,5.45,76,77,76,75,33,26.45,74,74,75,74,33,28.45,38,11,15,12,50,46,48,48.84,41.33,58.15,38,6,5,27,34,77,23,39.34,67.53,35.45
2022-05-07,2021-2022,brighton & hove albion,manchester united,4,0,H,2.81,3.55,2.61,76,75,73,77,33,24.82,83,82,83,81,33,26.18,38,12,15,11,42,44,51,49.57,47.21,54.18,38,16,10,12,57,57,58,57.21,56.85,54.52
2022-05-07,2021-2022,liverpool,tottenham hotspur,1,1,D,1.46,5.11,6.95,85,86,84,85,33,27.73,81,83,81,78,33,25.45,38,28,8,2,94,26,92,93.02,32.73,86.56,38,22,5,11,69,40,71,67.95,43.7,66.09
2022-05-08,2021-2022,arsenal,leeds united,2,1,H,1.46,5.01,7.04,80,77,80,77,33,22.82,76,77,77,75,32,26.0,38,22,3,13,61,48,69,63.39,48.39,64.76,38,9,11,18,42,79,38,51.19,71.31,43.86
2022-05-08,2021-2022,leicester city,everton,1,2,A,2.71,3.35,2.82,80,80,80,78,31,24.09,78,78,78,77,33,25.73,38,14,10,14,62,59,52,49.49,66.11,42.31,38,11,6,21,43,66,39,44.47,60.69,43.54
2022-05-08,2021-2022,norwich city,west ham united,0,4,A,4.68,3.88,1.81,73,75,73,73,33,25.55,79,80,79,77,33,27.82,38,5,7,26,23,84,22,31.51,80.08,25.04,38,16,8,14,60,51,56,54.98,53.88,53.56
2022-05-08,2021-2022,manchester city,newcastle united,5,0,H,1.19,7.66,17.22,85,84,87,86,32,26.09,77,78,77,77,33,27.0,38,29,6,3,99,26,93,93.4,25.21,91.88,38,13,10,15,44,62,49,41.53,62.71,41.53
2022-05-10,2021-2022,aston villa,liverpool,1,2,A,7.54,5.0,1.44,78,79,78,79,33,25.45,85,86,84,85,33,27.73,38,13,6,19,52,54,45,43.13,53.1,46.2,38,28,8,2,94,26,92,93.02,32.73,86.56
2022-05-11,2021-2022,leeds united,chelsea,0,3,A,5.15,4.25,1.68,76,77,77,75,32,26.0,84,84,85,83,33,27.36,38,9,11,18,42,79,38,51.19,71.31,43.86,38,21,11,6,76,33,74,69.3,35.12,73.38
2022-05-11,2021-2022,leicester city,norwich city,3,0,H,1.45,5.12,7.2,80,80,80,78,31,24.09,73,75,73,73,33,25.55,38,14,10,14,62,59,52,49.49,66.11,42.31,38,5,7,26,23,84,22,31.51,80.08,25.04
2022-05-11,2021-2022,watford,everton,0,0,D,4.43,3.73,1.88,74,74,75,74,33,28.45,78,78,78,77,33,25.73,38,6,5,27,34,77,23,39.34,67.53,35.45,38,11,6,21,43,66,39,44.47,60.69,43.54
2022-05-11,2021-2022,wolverhampton wanderers,manchester city,1,5,A,14.04,5.93,1.26,78,78,80,78,33,27.73,85,84,87,86,32,26.09,38,15,6,17,38,43,51,39.04,58.48,40.54,38,29,6,3,99,26,93,93.4,25.21,91.88
2022-05-12,2021-2022,tottenham hotspur,arsenal,3,0,H,2.18,3.61,3.49,81,83,81,78,33,25.45,80,77,80,77,33,22.82,38,22,5,11,69,40,71,67.95,43.7,66.09,38,22,3,13,61,48,69,63.39,48.39,64.76
2022-05-15,2021-2022,tottenham hotspur,burnley,1,0,H,1.34,5.53,9.3,81,83,81,78,33,25.45,76,77,75,76,33,26.36,38,22,5,11,69,40,71,67.95,43.7,66.09,38,7,14,17,34,53,35,41.11,60.22,38.1
2022-05-15,2021-2022,aston villa,crystal palace,1,1,D,2.09,3.56,3.72,78,79,78,79,33,25.45,76,77,76,75,33,26.45,38,13,6,19,52,54,45,43.13,53.1,46.2,38,11,15,12,50,46,48,48.84,41.33,58.15
2022-05-15,2021-2022,leeds united,brighton & hove albion,1,1,D,2.75,3.56,2.62,76,77,77,75,32,26.0,76,75,73,77,33,24.82,38,9,11,18,42,79,38,51.19,71.31,43.86,38,12,15,11,42,44,51,49.57,47.21,54.18
2022-05-15,2021-2022,watford,leicester city,1,5,A,3.7,3.8,2.02,74,74,75,74,33,28.45,80,80,80,78,31,24.09,38,6,5,27,34,77,23,39.34,67.53,35.45,38,14,10,14,62,59,52,49.49,66.11,42.31
2022-05-15,2021-2022,west ham united,manchester city,2,2,D,8.28,5.28,1.39,79,80,79,77,33,27.82,85,84,87,86,32,26.09,38,16,8,14,60,51,56,54.98,53.88,53.56,38,29,6,3,99,26,93,93.4,25.21,91.88
2022-05-15,2021-2022,wolverhampton wanderers,norwich city,1,1,D,1.49,4.56,7.12,78,78,80,78,33,27.73,73,75,73,73,33,25.55,38,15,6,17,38,43,51,39.04,58.48,40.54,38,5,7,26,23,84,22,31.51,80.08,25.04
2022-05-15,2021-2022,everton,brentford,2,3,A,2.13,3.62,3.55,78,78,78,77,33,25.73,74,74,75,74,33,25.27,38,11,6,21,43,66,39,44.47,60.69,43.54,38,13,7,18,48,56,46,52.89,49.5,56.0
2022-05-16,2021-2022,newcastle united,arsenal,2,0,H,4.31,3.72,1.89,77,78,77,77,33,27.0,80,77,80,77,33,22.82,38,13,10,15,44,62,49,41.53,62.71,41.53,38,22,3,13,61,48,69,63.39,48.39,64.76
2022-05-17,2021-2022,southampton,liverpool,1,2,A,8.15,5.53,1.38,76,75,76,76,32,25.45,85,86,84,85,33,27.73,38,9,13,16,43,67,40,47.35,64.56,43.45,38,28,8,2,94,26,92,93.02,32.73,86.56
2022-05-19,2021-2022,everton,crystal palace,3,2,H,1.98,3.46,4.25,78,78,78,77,33,25.73,76,77,76,75,33,26.45,38,11,6,21,43,66,39,44.47,60.69,43.54,38,11,15,12,50,46,48,48.84,41.33,58.15
2022-05-19,2021-2022,aston villa,burnley,1,1,D,2.07,3.59,3.75,78,79,78,79,33,25.45,76,77,75,76,33,26.36,38,13,6,19,52,54,45,43.13,53.1,46.2,38,7,14,17,34,53,35,41.11,60.22,38.1
2022-05-19,2021-2022,chelsea,leicester city,1,1,D,1.39,4.97,9.07,84,84,85,83,33,27.36,80,80,80,78,31,24.09,38,21,11,6,76,33,74,69.3,35.12,73.38,38,14,10,14,62,59,52,49.49,66.11,42.31
2022-05-22,2021-2022,arsenal,everton,5,1,H,1.37,5.13,9.24,80,77,80,77,33,22.82,78,78,78,77,33,25.73,38,22,3,13,61,48,69,63.39,48.39,64.76,38,11,6,21,43,66,39,44.47,60.69,43.54
2022-05-22,2021-2022,brentford,leeds united,1,2,A,2.38,3.9,2.85,74,74,75,74,33,25.27,76,77,77,75,32,26.0,38,13,7,18,48,56,46,52.89,49.5,56.0,38,9,11,18,42,79,38,51.19,71.31,43.86
2022-05-22,2021-2022,brighton & hove albion,west ham united,3,1,H,2.38,3.69,2.97,76,75,73,77,33,24.82,79,80,79,77,33,27.82,38,12,15,11,42,44,51,49.57,47.21,54.18,38,16,8,14,60,51,56,54.98,53.88,53.56
2022-05-22,2021-2022,burnley,newcastle united,1,2,A,2.27,3.51,3.3,76,77,75,76,33,26.36,77,78,77,77,33,27.0,38,7,14,17,34,53,35,41.11,60.22,38.1,38,13,10,15,44,62,49,41.53,62.71,41.53
2022-05-22,2021-2022,chelsea,watford,2,1,H,1.16,8.35,18.77,84,84,85,83,33,27.36,74,74,75,74,33,28.45,38,21,11,6,76,33,74,69.3,35.12,73.38,38,6,5,27,34,77,23,39.34,67.53,35.45
2022-05-22,2021-2022,crystal palace,manchester united,1,0,H,3.15,3.79,2.24,76,77,76,75,33,26.45,83,82,83,81,33,26.18,38,11,15,12,50,46,48,48.84,41.33,58.15,38,16,10,12,57,57,58,57.21,56.85,54.52
2022-05-22,2021-2022,leicester city,southampton,4,1,H,1.88,4.13,3.91,80,80,80,78,31,24.09,76,75,76,76,32,25.45,38,14,10,14,62,59,52,49.49,66.11,42.31,38,9,13,16,43,67,40,47.35,64.56,43.45
2022-05-22,2021-2022,liverpool,wolverhampton wanderers,3,1,H,1.15,8.49,21.36,85,86,84,85,33,27.73,78,78,80,78,33,27.73,38,28,8,2,94,26,92,93.02,32.73,86.56,38,15,6,17,38,43,51,39.04,58.48,40.54
2022-05-22,2021-2022,manchester city,aston villa,3,2,H,1.15,8.74,20.27,85,84,87,86,32,26.09,78,79,78,79,33,25.45,38,29,6,3,99,26,93,93.4,25.21,91.88,38,13,6,19,52,54,45,43.13,53.1,46.2
2022-05-22,2021-2022,norwich city,tottenham hotspur,0,5,A,11.2,6.23,1.27,73,75,73,73,33,25.55,81,83,81,78,33,25.45,38,5,7,26,23,84,22,31.51,80.08,25.04,38,22,5,11,69,40,71,67.95,43.7,66.09
2022-08-05,2022-2023,crystal palace,arsenal,0,2,A,4.5,3.65,1.89,76,76,76,76,31,25.82,82,82,84,81,32,24.18,38,11,15,12,50,46,48,48.84,41.33,58.15,38,26,6,6,88,43,84,76.51,45.16,72.53
2022-08-06,2022-2023,fulham fc,liverpool,2,2,D,11.2,6.22,1.28,76,79,76,75,31,27.45,84,84,81,85,33,26.55,38,15,7,16,55,53,52,47.98,71.49,39.24,38,19,10,9,75,47,67,80.77,55.77,67.37
2022-08-06,2022-2023,afc bournemouth,aston villa,2,0,H,3.93,3.58,2.04,74,75,73,73,29,25.64,79,79,78,79,32,26.55,38,11,6,21,37,71,39,40.08,67.6,34.73,38,18,7,13,51,46,61,50.0,53.96,54.37
2022-08-06,2022-2023,leeds united,wolverhampton wanderers,2,1,H,2.39,3.33,3.3,75,75,76,74,30,27.0,78,77,78,76,33,26.82,38,7,10,21,48,78,31,47.8,69.58,40.58,38,11,8,19,31,58,41,35.13,62.68,35.01
2022-08-06,2022-2023,newcastle united,nottingham forest,2,0,H,1.71,3.74,5.83,80,79,80,80,33,26.91,77,75,76,77,33,26.09,38,19,14,5,68,33,71,76.98,41.86,71.67,38,9,11,18,38,68,38,39.57,68.46,35.05
2022-08-06,2022-2023,tottenham hotspur,southampton,4,1,H,1.37,5.39,9.11,81,84,80,79,28,26.36,75,76,74,75,29,23.91,38,18,6,14,70,63,60,57.83,51.66,57.6,38,6,7,25,36,73,25,39.27,62.9,36.47
2022-08-06,2022-2023,everton,chelsea,0,1,A,6.04,4.06,1.63,76,77,76,76,28,26.73,82,82,81,82,33,25.18,38,8,12,18,34,57,36,48.65,68.58,40.71,38,11,11,16,38,47,44,51.89,54.02,52.28
2022-08-07,2022-2023,leicester city,brentford,2,2,D,2.07,3.69,3.74,78,77,80,76,33,24.45,75,74,75,76,30,24.64,38,9,7,22,51,68,34,48.99,59.79,45.07,38,15,14,9,58,46,59,59.23,51.45,58.26
2022-08-07,2022-2023,manchester united,brighton & hove albion,1,2,A,1.65,4.14,5.68,82,81,84,81,33,26.91,77,75,77,78,28,27.18,38,23,6,9,58,43,75,71.9,50.29,66.4,38,18,8,12,72,53,62,77.72,50.15,70.86
2022-08-07,2022-2023,west ham united,manchester city,0,2,A,8.58,5.48,1.38,78,78,79,78,32,28.73,85,85,87,83,26,27.73,38,11,7,20,42,55,40,51.21,55.31,51.62,38,28,5,5,94,33,89,84.32,34.21,83.04
2022-08-13,2022-2023,aston villa,everton,2,1,H,1.83,3.55,5.12,79,79,78,79,32,26.55,76,77,76,76,28,26.73,38,18,7,13,51,46,61,50.0,53.96,54.37,38,8,12,18,34,57,36,48.65,68.58,40.71
2022-08-13,2022-2023,arsenal,leicester city,4,2,H,1.58,4.34,6.22,82,82,84,81,32,24.18,78,77,80,76,33,24.45,38,26,6,6,88,43,84,76.51,45.16,72.53,38,9,7,22,51,68,34,48.99,59.79,45.07
2022-08-13,2022-2023,brighton & hove albion,newcastle united,0,0,D,2.48,3.24,3.22,77,75,77,78,28,27.18,80,79,80,80,33,26.91,38,18,8,12,72,53,62,77.72,50.15,70.86,38,19,14,5,68,33,71,76.98,41.86,71.67
2022-08-13,2022-2023,manchester city,afc bournemouth,4,0,H,1.07,13.82,41.0,85,85,87,83,26,27.73,74,75,73,73,29,25.64,38,28,5,5,94,33,89,84.32,34.21,83.04,38,11,6,21,37,71,39,40.08,67.6,34.73
2022-08-13,2022-2023,southampton,leeds united,2,2,D,2.34,3.55,3.18,75,76,74,75,29,23.91,75,75,76,74,30,27.0,38,6,7,25,36,73,25,39.27,62.9,36.47,38,7,10,21,48,78,31,47.8,69.58,40.58
2022-08-13,2022-2023,wolverhampton wanderers,fulham fc,0,0,D,2.44,3.24,3.29,78,77,78,76,33,26.82,76,79,76,75,31,27.45,38,11,8,19,31,58,41,35.13,62.68,35.01,38,15,7,16,55,53,52,47.98,71.49,39.24
2022-08-13,2022-2023,brentford,manchester united,4,0,H,3.82,3.64,2.06,75,74,75,76,30,24.64,82,81,84,81,33,26.91,38,15,14,9,58,46,59,59.23,51.45,58.26,38,23,6,9,58,43,75,71.9,50.29,66.4
2022-08-14,2022-2023,nottingham forest,west ham united,1,0,H,4.28,3.72,1.92,77,75,76,77,33,26.09,78,78,79,78,32,28.73,38,9,11,18,38,68,38,39.57,68.46,35.05,38,11,7,20,42,55,40,51.21,55.31,51.62
2022-08-14,2022-2023,chelsea,tottenham hotspur,2,2,D,2.28,3.52,3.35,82,82,81,82,33,25.18,81,84,80,79,28,26.36,38,11,11,16,38,47,44,51.89,54.02,52.28,38,18,6,14,70,63,60,57.83,51.66,57.6
2022-08-15,2022-2023,liverpool,crystal palace,1,1,D,1.2,7.09,18.57,84,84,81,85,33,26.55,76,76,76,76,31,25.82,38,19,10,9,75,47,67,80.77,55.77,67.37,38,11,15,12,50,46,48,48.84,41.33,58.15
2022-08-20,2022-2023,tottenham hotspur,wolverhampton wanderers,1,0,H,1.43,4.94,7.95,81,84,80,79,28,26.36,78,77,78,76,33,26.82,38,18,6,14,70,63,60,57.83,51.66,57.6,38,11,8,19,31,58,41,35.13,62.68,35.01
2022-08-20,2022-2023,crystal palace,aston villa,3,1,H,2.58,3.19,3.12,76,76,76,76,31,25.82,79,79,78,79,32,26.55,38,11,15,12,50,46,48,48.84,41.33,58.15,38,18,7,13,51,46,61,50.0,53.96,54.37
2022-08-20,2022-2023,everton,nottingham forest,1,1,D,2.0,3.45,4.27,76,77,76,76,28,26.73,77,75,76,77,33,26.09,38,8,12,18,34,57,36,48.65,68.58,40.71,38,9,11,18,38,68,38,39.57,68.46,35.05
2022-08-20,2022-2023,fulham fc,brentford,3,2,H,2.52,3.53,2.93,76,79,76,75,31,27.45,75,74,75,76,30,24.64,38,15,7,16,55,53,52,47.98,71.49,39.24,38,15,14,9,58,46,59,59.23,51.45,58.26
2022-08-20,2022-2023,leicester city,southampton,1,2,A,1.86,4.09,4.12,78,77,80,76,33,24.45,75,76,74,75,29,23.91,38,9,7,22,51,68,34,48.99,59.79,45.07,38,6,7,25,36,73,25,39.27,62.9,36.47
2022-08-20,2022-2023,afc bournemouth,arsenal,0,3,A,7.55,4.8,1.46,74,75,73,73,29,25.64,82,82,84,81,32,24.18,38,11,6,21,37,71,39,40.08,67.6,34.73,38,26,6,6,88,43,84,76.51,45.16,72.53
2022-08-21,2022-2023,leeds united,chelsea,3,0,H,6.23,4.6,1.54,75,75,76,74,30,27.0,82,82,81,82,33,25.18,38,7,10,21,48,78,31,47.8,69.58,40.58,38,11,11,16,38,47,44,51.89,54.02,52.28
2022-08-21,2022-2023,west ham united,brighton & hove albion,0,2,A,2.34,3.52,3.22,78,78,79,78,32,28.73,77,75,77,78,28,27.18,38,11,7,20,42,55,40,51.21,55.31,51.62,38,18,8,12,72,53,62,77.72,50.15,70.86
2022-08-21,2022-2023,newcastle united,manchester city,3,3,D,9.43,5.22,1.37,80,79,80,80,33,26.91,85,85,87,83,26,27.73,38,19,14,5,68,33,71,76.98,41.86,71.67,38,28,5,5,94,33,89,84.32,34.21,83.04
2022-08-22,2022-2023,manchester united,liverpool,2,1,H,5.39,4.35,1.64,82,81,84,81,33,26.91,84,84,81,85,33,26.55,38,23,6,9,58,43,75,71.9,50.29,66.4,38,19,10,9,75,47,67,80.77,55.77,67.37
2022-08-27,2022-2023,southampton,manchester united,0,1,A,4.31,4.0,1.85,75,76,74,75,29,23.91,82,81,84,81,33,26.91,38,6,7,25,36,73,25,39.27,62.9,36.47,38,23,6,9,58,43,75,71.9,50.29,66.4
2022-08-27,2022-2023,brentford,everton,1,1,D,2.1,3.49,3.84,75,74,75,76,30,24.64,76,77,76,76,28,26.73,38,15,14,9,58,46,59,59.23,51.45,58.26,38,8,12,18,34,57,36,48.65,68.58,40.71
2022-08-27,2022-2023,brighton & hove albion,leeds united,1,0,H,1.93,3.72,4.24,77,75,77,78,28,27.18,75,75,76,74,30,27.0,38,18,8,12,72,53,62,77.72,50.15,70.86,38,7,10,21,48,78,31,47.8,69.58,40.58
2022-08-27,2022-2023,chelsea,leicester city,2,1,H,1.45,4.86,7.66,82,82,81,82,33,25.18,78,77,80,76,33,24.45,38,11,11,16,38,47,44,51.89,54.02,52.28,38,9,7,22,51,68,34,48.99,59.79,45.07
2022-08-27,2022-2023,liverpool,afc bournemouth,9,0,H,1.13,10.48,23.11,84,84,81,85,33,26.55,74,75,73,73,29,25.64,38,19,10,9,75,47,67,80.77,55.77,67.37,38,11,6,21,37,71,39,40.08,67.6,34.73
2022-08-27,2022-2023,manchester city,crystal palace,4,2,H,1.2,7.5,16.26,85,85,87,83,26,27.73,76,76,76,76,31,25.82,38,28,5,5,94,33,89,84.32,34.21,83.04,38,11,15,12,50,46,48,48.84,41.33,58.15
2022-08-27,2022-2023,arsenal,fulham fc,2,1,H,1.33,5.83,9.75,82,82,84,81,32,24.18,76,79,76,75,31,27.45,38,26,6,6,88,43,84,76.51,45.16,72.53,38,15,7,16,55,53,52,47.98,71.49,39.24
2022-08-28,2022-2023,aston villa,west ham united,0,1,A,2.41,3.41,3.18,79,79,78,79,32,26.55,78,78,79,78,32,28.73,38,18,7,13,51,46,61,50.0,53.96,54.37,38,11,7,20,42,55,40,51.21,55.31,51.62
2022-08-28,2022-2023,wolverhampton wanderers,newcastle united,1,1,D,2.76,3.32,2.79,78,77,78,76,33,26.82,80,79,80,80,33,26.91,38,11,8,19,31,58,41,35.13,62.68,35.01,38,19,14,5,68,33,71,76.98,41.86,71.67
2022-08-28,2022-2023,nottingham forest,tottenham hotspur,0,2,A,7.15,4.63,1.49,77,75,76,77,33,26.09,81,84,80,79,28,26.36,38,9,11,18,38,68,38,39.57,68.46,35.05,38,18,6,14,70,63,60,57.83,51.66,57.6
2022-08-30,2022-2023,crystal palace,brentford,1,1,D,2.11,3.47,3.83,76,76,76,76,31,25.82,75,74,75,76,30,24.64,38,11,15,12,50,46,48,48.84,41.33,58.15,38,15,14,9,58,46,59,59.23,51.45,58.26
2022-08-30,2022-2023,fulham fc,brighton & hove albion,2,1,H,3.26,3.44,2.36,76,79,76,75,31,27.45,77,75,77,78,28,27.18,38,15,7,16,55,53,52,47.98,71.49,39.24,38,18,8,12,72,53,62,77.72,50.15,70.86
2022-08-30,2022-2023,southampton,chelsea,2,1,H,5.28,4.24,1.67,75,76,74,75,29,23.91,82,82,81,82,33,25.18,38,6,7,25,36,73,25,39.27,62.9,36.47,38,11,11,16,38,47,44,51.89,54.02,52.28
2022-08-30,2022-2023,leeds united,everton,1,1,D,2.16,3.61,3.53,75,75,76,74,30,27.0,76,77,76,76,28,26.73,38,7,10,21,48,78,31,47.8,69.58,40.58,38,8,12,18,34,57,36,48.65,68.58,40.71
2022-08-31,2022-2023,arsenal,aston villa,2,1,H,1.5,4.67,6.97,82,82,84,81,32,24.18,79,79,78,79,32,26.55,38,26,6,6,88,43,84,76.51,45.16,72.53,38,18,7,13,51,46,61,50.0,53.96,54.37
2022-08-31,2022-2023,afc bournemouth,wolverhampton wanderers,0,0,D,3.52,3.43,2.24,74,75,73,73,29,25.64,78,77,78,76,33,26.82,38,11,6,21,37,71,39,40.08,67.6,34.73,38,11,8,19,31,58,41,35.13,62.68,35.01
2022-08-31,2022-2023,manchester city,nottingham forest,6,0,H,1.08,13.43,31.06,85,85,87,83,26,27.73,77,75,76,77,33,26.09,38,28,5,5,94,33,89,84.32,34.21,83.04,38,9,11,18,38,68,38,39.57,68.46,35.05
2022-08-31,2022-2023,west ham united,tottenham hotspur,1,1,D,3.67,3.84,2.04,78,78,79,78,32,28.73,81,84,80,79,28,26.36,38,11,7,20,42,55,40,51.21,55.31,51.62,38,18,6,14,70,63,60,57.83,51.66,57.6
2022-08-31,2022-2023,liverpool,newcastle united,2,1,H,1.33,5.89,9.75,84,84,81,85,33,26.55,80,79,80,80,33,26.91,38,19,10,9,75,47,67,80.77,55.77,67.37,38,19,14,5,68,33,71,76.98,41.86,71.67
2022-09-01,2022-2023,leicester city,manchester united,0,1,A,3.45,3.86,2.11,78,77,80,76,33,24.45,82,81,84,81,33,26.91,38,9,7,22,51,68,34,48.99,59.79,45.07,38,23,6,9,58,43,75,71.9,50.29,66.4
2022-09-03,2022-2023,everton,liverpool,0,0,D,8.08,5.21,1.41,76,77,76,76,28,26.73,84,84,81,85,33,26.55,38,8,12,18,34,57,36,48.65,68.58,40.71,38,19,10,9,75,47,67,80.77,55.77,67.37
2022-09-03,2022-2023,brentford,leeds united,5,2,H,2.21,3.59,3.44,75,74,75,76,30,24.64,75,75,76,74,30,27.0,38,15,14,9,58,46,59,59.23,51.45,58.26,38,7,10,21,48,78,31,47.8,69.58,40.58
2022-09-03,2022-2023,chelsea,west ham united,2,1,H,1.58,4.37,6.17,82,82,81,82,33,25.18,78,78,79,78,32,28.73,38,11,11,16,38,47,44,51.89,54.02,52.28,38,11,7,20,42,55,40,51.21,55.31,51.62
2022-09-03,2022-2023,newcastle united,crystal palace,0,0,D,2.1,3.44,3.89,80,79,80,80,33,26.91,76,76,76,76,31,25.82,38,19,14,5,68,33,71,76.98,41.86,71.67,38,11,15,12,50,46,48,48.84,41.33,58.15
2022-09-03,2022-2023,nottingham forest,afc bournemouth,2,3,A,2.05,3.51,4.0,77,75,76,77,33,26.09,74,75,73,73,29,25.64,38,9,11,18,38,68,38,39.57,68.46,35.05,38,11,6,21,37,71,39,40.08,67.6,34.73
2022-09-03,2022-2023,tottenham hotspur,fulham fc,2,1,H,1.52,4.63,6.51,81,84,80,79,28,26.36,76,79,76,75,31,27.45,38,18,6,14,70,63,60,57.83,51.66,57.6,38,15,7,16,55,53,52,47.98,71.49,39.24
2022-09-03,2022-2023,wolverhampton wanderers,southampton,1,0,H,2.3,3.41,3.41,78,77,78,76,33,26.82,75,76,74,75,29,23.91,38,11,8,19,31,58,41,35.13,62.68,35.01,38,6,7,25,36,73,25,39.27,62.9,36.47
2022-09-03,2022-2023,aston villa,manchester city,1,1,D,9.25,5.98,1.33,79,79,78,79,32,26.55,85,85,87,83,26,27.73,38,18,7,13,51,46,61,50.0,53.96,54.37,38,28,5,5,94,33,89,84.32,34.21,83.04
2022-09-04,2022-2023,brighton & hove albion,leicester city,5,2,H,1.85,3.63,4.85,77,75,77,78,28,27.18,78,77,80,76,33,24.45,38,18,8,12,72,53,62,77.72,50.15,70.86,38,9,7,22,51,68,34,48.99,59.79,45.07
2022-09-04,2022-2023,manchester united,arsenal,3,1,H,2.7,3.58,2.68,82,81,84,81,33,26.91,82,82,84,81,32,24.18,38,23,6,9,58,43,75,71.9,50.29,66.4,38,26,6,6,88,43,84,76.51,45.16,72.53
2022-09-16,2022-2023,aston villa,southampton,1,0,H,2.14,3.62,3.6,79,79,78,79,32,26.55,75,76,74,75,29,23.91,38,18,7,13,51,46,61,50.0,53.96,54.37,38,6,7,25,36,73,25,39.27,62.9,36.47
2022-09-16,2022-2023,nottingham forest,fulham fc,2,3,A,2.82,3.43,2.67,77,75,76,77,33,26.09,76,79,76,75,31,27.45,38,9,11,18,38,68,38,39.57,68.46,35.05,38,15,7,16,55,53,52,47.98,71.49,39.24
2022-09-17,2022-2023,wolverhampton wanderers,manchester city,0,3,A,9.3,5.52,1.36,78,77,78,76,33,26.82,85,85,87,83,26,27.73,38,11,8,19,31,58,41,35.13,62.68,35.01,38,28,5,5,94,33,89,84.32,34.21,83.04
2022-09-17,2022-2023,newcastle united,afc bournemouth,1,1,D,1.49,4.56,7.5,80,79,80,80,33,26.91,74,75,73,73,29,25.64,38,19,14,5,68,33,71,76.98,41.86,71.67,38,11,6,21,37,71,39,40.08,67.6,34.73
2022-09-17,2022-2023,tottenham hotspur,leicester city,6,2,H,1.52,4.46,7.04,81,84,80,79,28,26.36,78,77,80,76,33,24.45,38,18,6,14,70,63,60,57.83,51.66,57.6,38,9,7,22,51,68,34,48.99,59.79,45.07
2022-09-18,2022-2023,brentford,arsenal,0,3,A,4.46,3.98,1.83,75,74,75,76,30,24.64,82,82,84,81,32,24.18,38,15,14,9,58,46,59,59.23,51.45,58.26,38,26,6,6,88,43,84,76.51,45.16,72.53
2022-09-18,2022-2023,everton,west ham united,1,0,H,2.96,3.39,2.57,76,77,76,76,28,26.73,78,78,79,78,32,28.73,38,8,12,18,34,57,36,48.65,68.58,40.71,38,11,7,20,42,55,40,51.21,55.31,51.62
2022-10-01,2022-2023,arsenal,tottenham hotspur,3,1,H,2.13,3.65,3.57,82,82,84,81,32,24.18,81,84,80,79,28,26.36,38,26,6,6,88,43,84,76.51,45.16,72.53,38,18,6,14,70,63,60,57.83,51.66,57.6
2022-10-01,2022-2023,afc bournemouth,brentford,0,0,D,3.45,3.49,2.25,74,75,73,73,29,25.64,75,74,75,76,30,24.64,38,11,6,21,37,71,39,40.08,67.6,34.73,38,15,14,9,58,46,59,59.23,51.45,58.26
2022-10-01,2022-2023,crystal palace,chelsea,1,2,A,4.42,3.56,1.93,76,76,76,76,31,25.82,82,82,81,82,33,25.18,38,11,15,12,50,46,48,48.84,41.33,58.15,38,11,11,16,38,47,44,51.89,54.02,52.28
2022-10-01,2022-2023,fulham fc,newcastle united,1,4,A,3.11,3.57,2.38,76,79,76,75,31,27.45,80,79,80,80,33,26.91,38,15,7,16,55,53,52,47.98,71.49,39.24,38,19,14,5,68,33,71,76.98,41.86,71.67
2022-10-01,2022-2023,liverpool,brighton & hove albion,3,3,D,1.38,5.49,8.42,84,84,81,85,33,26.55,77,75,77,78,28,27.18,38,19,10,9,75,47,67,80.77,55.77,67.37,38,18,8,12,72,53,62,77.72,50.15,70.86
2022-10-01,2022-2023,southampton,everton,1,2,A,2.23,3.48,3.49,75,76,74,75,29,23.91,76,77,76,76,28,26.73,38,6,7,25,36,73,25,39.27,62.9,36.47,38,8,12,18,34,57,36,48.65,68.58,40.71
2022-10-01,2022-2023,west ham united,wolverhampton wanderers,2,0,H,2.01,3.42,4.31,78,78,79,78,32,28.73,78,77,78,76,33,26.82,38,11,7,20,42,55,40,51.21,55.31,51.62,38,11,8,19,31,58,41,35.13,62.68,35.01
2022-10-02,2022-2023,manchester city,manchester united,6,3,H,1.37,5.91,7.74,85,85,87,83,26,27.73,82,81,84,81,33,26.91,38,28,5,5,94,33,89,84.32,34.21,83.04,38,23,6,9,58,43,75,71.9,50.29,66.4
2022-10-02,2022-2023,leeds united,aston villa,0,0,D,2.43,3.44,3.12,75,75,76,74,30,27.0,79,79,78,79,32,26.55,38,7,10,21,48,78,31,47.8,69.58,40.58,38,18,7,13,51,46,61,50.0,53.96,54.37
2022-10-03,2022-2023,leicester city,nottingham forest,4,0,H,1.78,4.2,4.48,78,77,80,76,33,24.45,77,75,76,77,33,26.09,38,9,7,22,51,68,34,48.99,59.79,45.07,38,9,11,18,38,68,38,39.57,68.46,35.05
2022-10-08,2022-2023,afc bournemouth,leicester city,2,1,H,3.64,3.7,2.09,74,75,73,73,29,25.64,78,77,80,76,33,24.45,38,11,6,21,37,71,39,40.08,67.6,34.73,38,9,7,22,51,68,34,48.99,59.79,45.07
2022-10-08,2022-2023,chelsea,wolverhampton wanderers,3,0,H,1.41,4.92,8.68,82,82,81,82,33,25.18,78,77,78,76,33,26.82,38,11,11,16,38,47,44,51.89,54.02,52.28,38,11,8,19,31,58,41,35.13,62.68,35.01
2022-10-08,2022-2023,manchester city,southampton,4,0,H,1.13,10.77,20.4,85,85,87,83,26,27.73,75,76,74,75,29,23.91,38,28,5,5,94,33,89,84.32,34.21,83.04,38,6,7,25,36,73,25,39.27,62.9,36.47
2022-10-08,2022-2023,newcastle united,brentford,5,1,H,1.81,3.99,4.55,80,79,80,80,33,26.91,75,74,75,76,30,24.64,38,19,14,5,68,33,71,76.98,41.86,71.67,38,15,14,9,58,46,59,59.23,51.45,58.26
2022-10-08,2022-2023,brighton & hove albion,tottenham hotspur,0,1,A,2.82,3.45,2.65,77,75,77,78,28,27.18,81,84,80,79,28,26.36,38,18,8,12,72,53,62,77.72,50.15,70.86,38,18,6,14,70,63,60,57.83,51.66,57.6
2022-10-09,2022-2023,crystal palace,leeds united,2,1,H,2.06,3.68,3.76,76,76,76,76,31,25.82,75,75,76,74,30,27.0,38,11,15,12,50,46,48,48.84,41.33,58.15,38,7,10,21,48,78,31,47.8,69.58,40.58
2022-10-09,2022-2023,west ham united,fulham fc,3,1,H,1.79,3.9,4.82,78,78,79,78,32,28.73,76,79,76,75,31,27.45,38,11,7,20,42,55,40,51.21,55.31,51.62,38,15,7,16,55,53,52,47.98,71.49,39.24
2022-10-09,2022-2023,arsenal,liverpool,3,2,H,2.67,3.69,2.66,82,82,84,81,32,24.18,84,84,81,85,33,26.55,38,26,6,6,88,43,84,76.51,45.16,72.53,38,19,10,9,75,47,67,80.77,55.77,67.37
2022-10-09,2022-2023,everton,manchester united,1,2,A,3.62,3.67,2.11,76,77,76,76,28,26.73,82,81,84,81,33,26.91,38,8,12,18,34,57,36,48.65,68.58,40.71,38,23,6,9,58,43,75,71.9,50.29,66.4
2022-10-10,2022-2023,nottingham forest,aston villa,1,1,D,3.4,3.6,2.22,77,75,76,77,33,26.09,79,79,78,79,32,26.55,38,9,11,18,38,68,38,39.57,68.46,35.05,38,18,7,13,51,46,61,50.0,53.96,54.37
2022-10-14,2022-2023,brentford,brighton & hove albion,2,0,H,3.32,3.52,2.29,75,74,75,76,30,24.64,77,75,77,78,28,27.18,38,15,14,9,58,46,59,59.23,51.45,58.26,38,18,8,12,72,53,62,77.72,50.15,70.86
2022-10-15,2022-2023,leicester city,crystal palace,0,0,D,2.38,3.55,3.12,78,77,80,76,33,24.45,76,76,76,76,31,25.82,38,9,7,22,51,68,34,48.99,59.79,45.07,38,11,15,12,50,46,48,48.84,41.33,58.15
2022-10-15,2022-2023,fulham fc,afc bournemouth,2,2,D,1.92,3.77,4.23,76,79,76,75,31,27.45,74,75,73,73,29,25.64,38,15,7,16,55,53,52,47.98,71.49,39.24,38,11,6,21,37,71,39,40.08,67.6,34.73
2022-10-15,2022-2023,wolverhampton wanderers,nottingham forest,1,0,H,1.74,3.78,5.41,78,77,78,76,33,26.82,77,75,76,77,33,26.09,38,11,8,19,31,58,41,35.13,62.68,35.01,38,9,11,18,38,68,38,39.57,68.46,35.05
2022-10-15,2022-2023,tottenham hotspur,everton,2,0,H,1.48,4.67,7.26,81,84,80,79,28,26.36,76,77,76,76,28,26.73,38,18,6,14,70,63,60,57.83,51.66,57.6,38,8,12,18,34,57,36,48.65,68.58,40.71
2022-10-16,2022-2023,aston villa,chelsea,0,2,A,4.78,3.65,1.85,79,79,78,79,32,26.55,82,82,81,82,33,25.18,38,18,7,13,51,46,61,50.0,53.96,54.37,38,11,11,16,38,47,44,51.89,54.02,52.28
2022-10-16,2022-2023,leeds united,arsenal,0,1,A,6.23,4.49,1.56,75,75,76,74,30,27.0,82,82,84,81,32,24.18,38,7,10,21,48,78,31,47.8,69.58,40.58,38,26,6,6,88,43,84,76.51,45.16,72.53
2022-10-16,2022-2023,manchester united,newcastle united,0,0,D,2.04,3.71,3.8,82,81,84,81,33,26.91,80,79,80,80,33,26.91,38,23,6,9,58,43,75,71.9,50.29,66.4,38,19,14,5,68,33,71,76.98,41.86,71.67
2022-10-16,2022-2023,southampton,west ham united,1,1,D,3.08,3.42,2.47,75,76,74,75,29,23.91,78,78,79,78,32,28.73,38,6,7,25,36,73,25,39.27,62.9,36.47,38,11,7,20,42,55,40,51.21,55.31,51.62
2022-10-16,2022-2023,liverpool,manchester city,1,0,H,4.0,4.11,1.88,84,84,81,85,33,26.55,85,85,87,83,26,27.73,38,19,10,9,75,47,67,80.77,55.77,67.37,38,28,5,5,94,33,89,84.32,34.21,83.04
2022-10-18,2022-2023,brighton & hove albion,nottingham forest,0,0,D,1.39,5.17,8.97,77,75,77,78,28,27.18,77,75,76,77,33,26.09,38,18,8,12,72,53,62,77.72,50.15,70.86,38,9,11,18,38,68,38,39.57,68.46,35.05
2022-10-18,2022-2023,crystal palace,wolverhampton wanderers,2,1,H,2.32,3.21,3.58,76,76,76,76,31,25.82,78,77,78,76,33,26.82,38,11,15,12,50,46,48,48.84,41.33,58.15,38,11,8,19,31,58,41,35.13,62.68,35.01
2022-10-19,2022-2023,afc bournemouth,southampton,0,1,A,2.76,3.4,2.74,74,75,73,73,29,25.64,75,76,74,75,29,23.91,38,11,6,21,37,71,39,40.08,67.6,34.73,38,6,7,25,36,73,25,39.27,62.9,36.47
2022-10-19,2022-2023,brentford,chelsea,0,0,D,4.85,3.93,1.78,75,74,75,76,30,24.64,82,82,81,82,33,25.18,38,15,14,9,58,46,59,59.23,51.45,58.26,38,11,11,16,38,47,44,51.89,54.02,52.28
2022-10-19,2022-2023,liverpool,west ham united,1,0,H,1.45,5.1,7.08,84,84,81,85,33,26.55,78,78,79,78,32,28.73,38,19,10,9,75,47,67,80.77,55.77,67.37,38,11,7,20,42,55,40,51.21,55.31,51.62
2022-10-19,2022-2023,newcastle united,everton,1,0,H,1.65,4.06,5.81,80,79,80,80,33,26.91,76,77,76,76,28,26.73,38,19,14,5,68,33,71,76.98,41.86,71.67,38,8,12,18,34,57,36,48.65,68.58,40.71
2022-10-19,2022-2023,manchester united,tottenham hotspur,2,0,H,2.49,3.59,2.93,82,81,84,81,33,26.91,81,84,80,79,28,26.36,38,23,6,9,58,43,75,71.9,50.29,66.4,38,18,6,14,70,63,60,57.83,51.66,57.6
2022-10-20,2022-2023,fulham fc,aston villa,3,0,H,2.94,3.47,2.54,76,79,76,75,31,27.45,79,79,78,79,32,26.55,38,15,7,16,55,53,52,47.98,71.49,39.24,38,18,7,13,51,46,61,50.0,53.96,54.37
2022-10-20,2022-2023,leicester city,leeds united,2,0,H,2.36,3.65,3.08,78,77,80,76,33,24.45,75,75,76,74,30,27.0,38,9,7,22,51,68,34,48.99,59.79,45.07,38,7,10,21,48,78,31,47.8,69.58,40.58
2022-10-22,2022-2023,nottingham forest,liverpool,1,0,H,11.14,5.8,1.3,77,75,76,77,33,26.09,84,84,81,85,33,26.55,38,9,11,18,38,68,38,39.57,68.46,35.05,38,19,10,9,75,47,67,80.77,55.77,67.37
2022-10-22,2022-2023,everton,crystal palace,3,0,H,2.69,3.19,2.97,76,77,76,76,28,26.73,76,76,76,76,31,25.82,38,8,12,18,34,57,36,48.65,68.58,40.71,38,11,15,12,50,46,48,48.84,41.33,58.15
2022-10-22,2022-2023,manchester city,brighton & hove albion,3,1,H,1.21,7.21,15.39,85,85,87,83,26,27.73,77,75,77,78,28,27.18,38,28,5,5,94,33,89,84.32,34.21,83.04,38,18,8,12,72,53,62,77.72,50.15,70.86
2022-10-22,2022-2023,chelsea,manchester united,1,1,D,2.15,3.54,3.64,82,82,81,82,33,25.18,82,81,84,81,33,26.91,38,11,11,16,38,47,44,51.89,54.02,52.28,38,23,6,9,58,43,75,71.9,50.29,66.4
2022-10-23,2022-2023,aston villa,brentford,4,0,H,2.23,3.46,3.51,79,79,78,79,32,26.55,75,74,75,76,30,24.64,38,18,7,13,51,46,61,50.0,53.96,54.37,38,15,14,9,58,46,59,59.23,51.45,58.26
2022-10-23,2022-2023,leeds united,fulham fc,2,3,A,2.06,3.69,3.75,75,75,76,74,30,27.0,76,79,76,75,31,27.45,38,7,10,21,48,78,31,47.8,69.58,40.58,38,15,7,16,55,53,52,47.98,71.49,39.24
2022-10-23,2022-2023,southampton,arsenal,1,1,D,6.2,4.31,1.58,75,76,74,75,29,23.91,82,82,84,81,32,24.18,38,6,7,25,36,73,25,39.27,62.9,36.47,38,26,6,6,88,43,84,76.51,45.16,72.53
2022-10-23,2022-2023,wolverhampton wanderers,leicester city,0,4,A,2.3,3.35,3.46,78,77,78,76,33,26.82,78,77,80,76,33,24.45,38,11,8,19,31,58,41,35.13,62.68,35.01,38,9,7,22,51,68,34,48.99,59.79,45.07
2022-10-23,2022-2023,tottenham hotspur,newcastle united,1,2,A,2.12,3.62,3.63,81,84,80,79,28,26.36,80,79,80,80,33,26.91,38,18,6,14,70,63,60,57.83,51.66,57.6,38,19,14,5,68,33,71,76.98,41.86,71.67
2022-10-24,2022-2023,west ham united,afc bournemouth,2,0,H,1.59,4.12,6.53,78,78,79,78,32,28.73,74,75,73,73,29,25.64,38,11,7,20,42,55,40,51.21,55.31,51.62,38,11,6,21,37,71,39,40.08,67.6,34.73
2022-10-29,2022-2023,leicester city,manchester city,0,1,A,9.62,5.93,1.32,78,77,80,76,33,24.45,85,85,87,83,26,27.73,38,9,7,22,51,68,34,48.99,59.79,45.07,38,28,5,5,94,33,89,84.32,34.21,83.04
2022-10-29,2022-2023,afc bournemouth,tottenham hotspur,2,3,A,5.41,3.85,1.72,74,75,73,73,29,25.64,81,84,80,79,28,26.36,38,11,6,21,37,71,39,40.08,67.6,34.73,38,18,6,14,70,63,60,57.83,51.66,57.6
2022-10-29,2022-2023,brentford,wolverhampton wanderers,1,1,D,2.24,3.5,3.44,75,74,75,76,30,24.64,78,77,78,76,33,26.82,38,15,14,9,58,46,59,59.23,51.45,58.26,38,11,8,19,31,58,41,35.13,62.68,35.01
2022-10-29,2022-2023,brighton & hove albion,chelsea,4,1,H,3.17,3.43,2.41,77,75,77,78,28,27.18,82,82,81,82,33,25.18,38,18,8,12,72,53,62,77.72,50.15,70.86,38,11,11,16,38,47,44,51.89,54.02,52.28
2022-10-29,2022-2023,crystal palace,southampton,1,0,H,1.96,3.62,4.22,76,76,76,76,31,25.82,75,76,74,75,29,23.91,38,11,15,12,50,46,48,48.84,41.33,58.15,38,6,7,25,36,73,25,39.27,62.9,36.47
2022-10-29,2022-2023,newcastle united,aston villa,4,0,H,1.83,3.82,4.6,80,79,80,80,33,26.91,79,79,78,79,32,26.55,38,19,14,5,68,33,71,76.98,41.86,71.67,38,18,7,13,51,46,61,50.0,53.96,54.37
2022-10-29,2022-2023,fulham fc,everton,0,0,D,2.39,3.46,3.18,76,79,76,75,31,27.45,76,77,76,76,28,26.73,38,15,7,16,55,53,52,47.98,71.49,39.24,38,8,12,18,34,57,36,48.65,68.58,40.71
2022-10-29,2022-2023,liverpool,leeds united,1,2,A,1.32,5.98,9.43,84,84,81,85,33,26.55,75,75,76,74,30,27.0,38,19,10,9,75,47,67,80.77,55.77,67.37,38,7,10,21,48,78,31,47.8,69.58,40.58
2022-10-30,2022-2023,arsenal,nottingham forest,5,0,H,1.2,7.4,16.85,82,82,84,81,32,24.18,77,75,76,77,33,26.09,38,26,6,6,88,43,84,76.51,45.16,72.53,38,9,11,18,38,68,38,39.57,68.46,35.05
2022-10-30,2022-2023,manchester united,west ham united,1,0,H,1.71,4.05,5.14,82,81,84,81,33,26.91,78,78,79,78,32,28.73,38,23,6,9,58,43,75,71.9,50.29,66.4,38,11,7,20,42,55,40,51.21,55.31,51.62
2022-11-05,2022-2023,leeds united,afc bournemouth,4,3,H,1.74,3.99,5.08,75,75,76,74,30,27.0,74,75,73,73,29,25.64,38,7,10,21,48,78,31,47.8,69.58,40.58,38,11,6,21,37,71,39,40.08,67.6,34.73
2022-11-05,2022-2023,manchester city,fulham fc,2,1,H,1.13,10.33,22.62,85,85,87,83,26,27.73,76,79,76,75,31,27.45,38,28,5,5,94,33,89,84.32,34.21,83.04,38,15,7,16,55,53,52,47.98,71.49,39.24
2022-11-05,2022-2023,nottingham forest,brentford,2,2,D,2.83,3.43,2.66,77,75,76,77,33,26.09,75,74,75,76,30,24.64,38,9,11,18,38,68,38,39.57,68.46,35.05,38,15,14,9,58,46,59,59.23,51.45,58.26
2022-11-05,2022-2023,wolverhampton wanderers,brighton & hove albion,2,3,A,3.49,3.33,2.3,78,77,78,76,33,26.82,77,75,77,78,28,27.18,38,11,8,19,31,58,41,35.13,62.68,35.01,38,18,8,12,72,53,62,77.72,50.15,70.86
2022-11-05,2022-2023,everton,leicester city,0,2,A,2.48,3.36,3.12,76,77,76,76,28,26.73,78,77,80,76,33,24.45,38,8,12,18,34,57,36,48.65,68.58,40.71,38,9,7,22,51,68,34,48.99,59.79,45.07
2022-11-06,2022-2023,chelsea,arsenal,0,1,A,2.72,3.5,2.71,82,82,81,82,33,25.18,82,82,84,81,32,24.18,38,11,11,16,38,47,44,51.89,54.02,52.28,38,26,6,6,88,43,84,76.51,45.16,72.53
2022-11-06,2022-2023,aston villa,manchester united,3,1,H,3.38,3.63,2.22,79,79,78,79,32,26.55,82,81,84,81,33,26.91,38,18,7,13,51,46,61,50.0,53.96,54.37,38,23,6,9,58,43,75,71.9,50.29,66.4
2022-11-06,2022-2023,southampton,newcastle united,1,4,A,4.22,3.71,1.93,75,76,74,75,29,23.91,80,79,80,80,33,26.91,38,6,7,25,36,73,25,39.27,62.9,36.47,38,19,14,5,68,33,71,76.98,41.86,71.67
2022-11-06,2022-2023,west ham united,crystal palace,1,2,A,1.95,3.56,4.34,78,78,79,78,32,28.73,76,76,76,76,31,25.82,38,11,7,20,42,55,40,51.21,55.31,51.62,38,11,15,12,50,46,48,48.84,41.33,58.15
2022-11-06,2022-2023,tottenham hotspur,liverpool,1,2,A,3.33,3.76,2.19,81,84,80,79,28,26.36,84,84,81,85,33,26.55,38,18,6,14,70,63,60,57.83,51.66,57.6,38,19,10,9,75,47,67,80.77,55.77,67.37
2022-11-12,2022-2023,manchester city,brentford,1,2,A,1.15,9.28,20.24,85,85,87,83,26,27.73,75,74,75,76,30,24.64,38,28,5,5,94,33,89,84.32,34.21,83.04,38,15,14,9,58,46,59,59.23,51.45,58.26
2022-11-12,2022-2023,afc bournemouth,everton,3,0,H,2.94,3.32,2.63,74,75,73,73,29,25.64,76,77,76,76,28,26.73,38,11,6,21,37,71,39,40.08,67.6,34.73,38,8,12,18,34,57,36,48.65,68.58,40.71
2022-11-12,2022-2023,liverpool,southampton,3,1,H,1.26,6.49,11.55,84,84,81,85,33,26.55,75,76,74,75,29,23.91,38,19,10,9,75,47,67,80.77,55.77,67.37,38,6,7,25,36,73,25,39.27,62.9,36.47
2022-11-12,2022-2023,nottingham forest,crystal palace,1,0,H,3.25,3.31,2.43,77,75,76,77,33,26.09,76,76,76,76,31,25.82,38,9,11,18,38,68,38,39.57,68.46,35.05,38,11,15,12,50,46,48,48.84,41.33,58.15
2022-11-12,2022-2023,tottenham hotspur,leeds united,4,3,H,1.67,4.35,5.15,81,84,80,79,28,26.36,75,75,76,74,30,27.0,38,18,6,14,70,63,60,57.83,51.66,57.6,38,7,10,21,48,78,31,47.8,69.58,40.58
2022-11-12,2022-2023,west ham united,leicester city,0,2,A,2.14,3.56,3.64,78,78,79,78,32,28.73,78,77,80,76,33,24.45,38,11,7,20,42,55,40,51.21,55.31,51.62,38,9,7,22,51,68,34,48.99,59.79,45.07
2022-11-12,2022-2023,newcastle united,chelsea,1,0,H,2.36,3.53,3.18,80,79,80,80,33,26.91,82,82,81,82,33,25.18,38,19,14,5,68,33,71,76.98,41.86,71.67,38,11,11,16,38,47,44,51.89,54.02,52.28
2022-11-12,2022-2023,wolverhampton wanderers,arsenal,0,2,A,6.5,4.3,1.56,78,77,78,76,33,26.82,82,82,84,81,32,24.18,38,11,8,19,31,58,41,35.13,62.68,35.01,38,26,6,6,88,43,84,76.51,45.16,72.53
2022-11-13,2022-2023,brighton & hove albion,aston villa,1,2,A,1.88,3.84,4.33,77,75,77,78,28,27.18,79,79,78,79,32,26.55,38,18,8,12,72,53,62,77.72,50.15,70.86,38,18,7,13,51,46,61,50.0,53.96,54.37
2022-11-13,2022-2023,fulham fc,manchester united,1,2,A,4.0,4.02,1.91,76,79,76,75,31,27.45,82,81,84,81,33,26.91,38,15,7,16,55,53,52,47.98,71.49,39.24,38,23,6,9,58,43,75,71.9,50.29,66.4
2022-12-26,2022-2023,brentford,tottenham hotspur,2,2,D,4.0,3.89,1.93,75,74,75,76,30,24.64,81,84,80,79,28,26.36,38,15,14,9,58,46,59,59.23,51.45,58.26,38,18,6,14,70,63,60,57.83,51.66,57.6
2022-12-26,2022-2023,crystal palace,fulham fc,0,3,A,2.09,3.66,3.68,76,76,76,76,31,25.82,76,79,76,75,31,27.45,38,11,15,12,50,46,48,48.84,41.33,58.15,38,15,7,16,55,53,52,47.98,71.49,39.24
2022-12-26,2022-2023,everton,wolverhampton wanderers,1,2,A,2.41,3.26,3.34,76,77,76,76,28,26.73,78,77,78,76,33,26.82,38,8,12,18,34,57,36,48.65,68.58,40.71,38,11,8,19,31,58,41,35.13,62.68,35.01
2022-12-26,2022-2023,leicester city,newcastle united,0,3,A,3.36,3.64,2.22,78,77,80,76,33,24.45,80,79,80,80,33,26.91,38,9,7,22,51,68,34,48.99,59.79,45.07,38,19,14,5,68,33,71,76.98,41.86,71.67
2022-12-26,2022-2023,southampton,brighton & hove albion,1,3,A,3.5,3.6,2.18,75,76,74,75,29,23.91,77,75,77,78,28,27.18,38,6,7,25,36,73,25,39.27,62.9,36.47,38,18,8,12,72,53,62,77.72,50.15,70.86
2022-12-26,2022-2023,aston villa,liverpool,1,3,A,4.51,4.09,1.79,79,79,78,79,32,26.55,84,84,81,85,33,26.55,38,18,7,13,51,46,61,50.0,53.96,54.37,38,19,10,9,75,47,67,80.77,55.77,67.37
2022-12-26,2022-2023,arsenal,west ham united,3,1,H,1.52,4.48,6.85,82,82,84,81,32,24.18,78,78,79,78,32,28.73,38,26,6,6,88,43,84,76.51,45.16,72.53,38,11,7,20,42,55,40,51.21,55.31,51.62
2022-12-27,2022-2023,chelsea,afc bournemouth,2,0,H,1.32,5.72,10.69,82,82,81,82,33,25.18,74,75,73,73,29,25.64,38,11,11,16,38,47,44,51.89,54.02,52.28,38,11,6,21,37,71,39,40.08,67.6,34.73
2022-12-27,2022-2023,manchester united,nottingham forest,3,0,H,1.31,5.7,11.66,82,81,84,81,33,26.91,77,75,76,77,33,26.09,38,23,6,9,58,43,75,71.9,50.29,66.4,38,9,11,18,38,68,38,39.57,68.46,35.05
2022-12-28,2022-2023,leeds united,manchester city,1,3,A,9.78,6.09,1.31,75,75,76,74,30,27.0,85,85,87,83,26,27.73,38,7,10,21,48,78,31,47.8,69.58,40.58,38,28,5,5,94,33,89,84.32,34.21,83.04
2022-12-30,2022-2023,west ham united,brentford,0,2,A,2.08,3.66,3.73,78,78,79,78,32,28.73,75,74,75,76,30,24.64,38,11,7,20,42,55,40,51.21,55.31,51.62,38,15,14,9,58,46,59,59.23,51.45,58.26
2022-12-30,2022-2023,liverpool,leicester city,2,1,H,1.31,6.08,9.55,84,84,81,85,33,26.55,78,77,80,76,33,24.45,38,19,10,9,75,47,67,80.77,55.77,67.37,38,9,7,22,51,68,34,48.99,59.79,45.07
2022-12-31,2022-2023,wolverhampton wanderers,manchester united,0,1,A,4.16,3.71,1.94,78,77,78,76,33,26.82,82,81,84,81,33,26.91,38,11,8,19,31,58,41,35.13,62.68,35.01,38,23,6,9,58,43,75,71.9,50.29,66.4
2022-12-31,2022-2023,afc bournemouth,crystal palace,0,2,A,2.97,3.32,2.6,74,75,73,73,29,25.64,76,76,76,76,31,25.82,38,11,6,21,37,71,39,40.08,67.6,34.73,38,11,15,12,50,46,48,48.84,41.33,58.15
2022-12-31,2022-2023,fulham fc,southampton,2,1,H,2.04,3.59,3.95,76,79,76,75,31,27.45,75,76,74,75,29,23.91,38,15,7,16,55,53,52,47.98,71.49,39.24,38,6,7,25,36,73,25,39.27,62.9,36.47
2022-12-31,2022-2023,manchester city,everton,1,1,D,1.16,7.97,23.85,85,85,87,83,26,27.73,76,77,76,76,28,26.73,38,28,5,5,94,33,89,84.32,34.21,83.04,38,8,12,18,34,57,36,48.65,68.58,40.71
2022-12-31,2022-2023,newcastle united,leeds united,0,0,D,1.49,4.8,6.8,80,79,80,80,33,26.91,75,75,76,74,30,27.0,38,19,14,5,68,33,71,76.98,41.86,71.67,38,7,10,21,48,78,31,47.8,69.58,40.58
2022-12-31,2022-2023,brighton & hove albion,arsenal,2,4,A,3.6,3.62,2.13,77,75,77,78,28,27.18,82,82,84,81,32,24.18,38,18,8,12,72,53,62,77.72,50.15,70.86,38,26,6,6,88,43,84,76.51,45.16,72.53
2023-01-01,2022-2023,tottenham hotspur,aston villa,0,2,A,1.7,4.21,5.01,81,84,80,79,28,26.36,79,79,78,79,32,26.55,38,18,6,14,70,63,60,57.83,51.66,57.6,38,18,7,13,51,46,61,50.0,53.96,54.37
2023-01-01,2022-2023,nottingham forest,chelsea,1,1,D,5.43,3.98,1.7,77,75,76,77,33,26.09,82,82,81,82,33,25.18,38,9,11,18,38,68,38,39.57,68.46,35.05,38,11,11,16,38,47,44,51.89,54.02,52.28
2023-01-02,2022-2023,brentford,liverpool,3,1,H,5.76,4.56,1.58,75,74,75,76,30,24.64,84,84,81,85,33,26.55,38,15,14,9,58,46,59,59.23,51.45,58.26,38,19,10,9,75,47,67,80.77,55.77,67.37
2023-01-03,2022-2023,arsenal,newcastle united,0,0,D,1.83,3.95,4.45,82,82,84,81,32,24.18,80,79,80,80,33,26.91,38,26,6,6,88,43,84,76.51,45.16,72.53,38,19,14,5,68,33,71,76.98,41.86,71.67
2023-01-03,2022-2023,everton,brighton & hove albion,1,4,A,3.67,3.51,2.15,76,77,76,76,28,26.73,77,75,77,78,28,27.18,38,8,12,18,34,57,36,48.65,68.58,40.71,38,18,8,12,72,53,62,77.72,50.15,70.86
2023-01-03,2022-2023,leicester city,fulham fc,0,1,A,2.26,3.73,3.2,78,77,80,76,33,24.45,76,79,76,75,31,27.45,38,9,7,22,51,68,34,48.99,59.79,45.07,38,15,7,16,55,53,52,47.98,71.49,39.24
2023-01-03,2022-2023,manchester united,afc bournemouth,3,0,H,1.29,6.02,10.83,82,81,84,81,33,26.91,74,75,73,73,29,25.64,38,23,6,9,58,43,75,71.9,50.29,66.4,38,11,6,21,37,71,39,40.08,67.6,34.73
2023-01-04,2022-2023,southampton,nottingham forest,0,1,A,2.1,3.52,3.82,75,76,74,75,29,23.91,77,75,76,77,33,26.09,38,6,7,25,36,73,25,39.27,62.9,36.47,38,9,11,18,38,68,38,39.57,68.46,35.05
2023-01-04,2022-2023,leeds united,west ham united,2,2,D,2.65,3.59,2.73,75,75,76,74,30,27.0,78,78,79,78,32,28.73,38,7,10,21,48,78,31,47.8,69.58,40.58,38,11,7,20,42,55,40,51.21,55.31,51.62
2023-01-04,2022-2023,aston villa,wolverhampton wanderers,1,1,D,1.99,3.76,3.93,79,79,78,79,32,26.55,78,77,78,76,33,26.82,38,18,7,13,51,46,61,50.0,53.96,54.37,38,11,8,19,31,58,41,35.13,62.68,35.01
2023-01-04,2022-2023,crystal palace,tottenham hotspur,0,4,A,3.39,3.58,2.23,76,76,76,76,31,25.82,81,84,80,79,28,26.36,38,11,15,12,50,46,48,48.84,41.33,58.15,38,18,6,14,70,63,60,57.83,51.66,57.6
2023-01-05,2022-2023,chelsea,manchester city,0,1,A,5.6,4.19,1.65,82,82,81,82,33,25.18,85,85,87,83,26,27.73,38,11,11,16,38,47,44,51.89,54.02,52.28,38,28,5,5,94,33,89,84.32,34.21,83.04
2023-01-12,2022-2023,fulham fc,chelsea,2,1,H,3.43,3.6,2.21,76,79,76,75,31,27.45,82,82,81,82,33,25.18,38,15,7,16,55,53,52,47.98,71.49,39.24,38,11,11,16,38,47,44,51.89,54.02,52.28
2023-01-13,2022-2023,aston villa,leeds united,2,1,H,1.96,3.7,4.11,79,79,78,79,32,26.55,75,75,76,74,30,27.0,38,18,7,13,51,46,61,50.0,53.96,54.37,38,7,10,21,48,78,31,47.8,69.58,40.58
2023-01-14,2022-2023,manchester united,manchester city,2,1,H,4.26,3.98,1.86,82,81,84,81,33,26.91,85,85,87,83,26,27.73,38,23,6,9,58,43,75,71.9,50.29,66.4,38,28,5,5,94,33,89,84.32,34.21,83.04
2023-01-14,2022-2023,brighton & hove albion,liverpool,3,0,H,3.39,3.74,2.17,77,75,77,78,28,27.18,84,84,81,85,33,26.55,38,18,8,12,72,53,62,77.72,50.15,70.86,38,19,10,9,75,47,67,80.77,55.77,67.37
2023-01-14,2022-2023,everton,southampton,1,2,A,2.28,3.48,3.36,76,77,76,76,28,26.73,75,76,74,75,29,23.91,38,8,12,18,34,57,36,48.65,68.58,40.71,38,6,7,25,36,73,25,39.27,62.9,36.47
2023-01-14,2022-2023,nottingham forest,leicester city,2,0,H,2.74,3.46,2.72,77,75,76,77,33,26.09,78,77,80,76,33,24.45,38,9,11,18,38,68,38,39.57,68.46,35.05,38,9,7,22,51,68,34,48.99,59.79,45.07
2023-01-14,2022-2023,wolverhampton wanderers,west ham united,1,0,H,2.75,3.29,2.82,78,77,78,76,33,26.82,78,78,79,78,32,28.73,38,11,8,19,31,58,41,35.13,62.68,35.01,38,11,7,20,42,55,40,51.21,55.31,51.62
2023-01-14,2022-2023,brentford,afc bournemouth,2,0,H,1.69,4.14,5.23,75,74,75,76,30,24.64,74,75,73,73,29,25.64,38,15,14,9,58,46,59,59.23,51.45,58.26,38,11,6,21,37,71,39,40.08,67.6,34.73
2023-01-15,2022-2023,chelsea,crystal palace,1,0,H,1.68,3.96,5.64,82,82,81,82,33,25.18,76,76,76,76,31,25.82,38,11,11,16,38,47,44,51.89,54.02,52.28,38,11,15,12,50,46,48,48.84,41.33,58.15
2023-01-15,2022-2023,newcastle united,fulham fc,1,0,H,1.53,4.55,6.52,80,79,80,80,33,26.91,76,79,76,75,31,27.45,38,19,14,5,68,33,71,76.98,41.86,71.67,38,15,7,16,55,53,52,47.98,71.49,39.24
2023-01-15,2022-2023,tottenham hotspur,arsenal,0,2,A,3.34,3.71,2.21,81,84,80,79,28,26.36,82,82,84,81,32,24.18,38,18,6,14,70,63,60,57.83,51.66,57.6,38,26,6,6,88,43,84,76.51,45.16,72.53
2023-01-18,2022-2023,crystal palace,manchester united,1,1,D,4.62,3.87,1.82,76,76,76,76,31,25.82,82,81,84,81,33,26.91,38,11,15,12,50,46,48,48.84,41.33,58.15,38,23,6,9,58,43,75,71.9,50.29,66.4
2023-01-19,2022-2023,manchester city,tottenham hotspur,4,2,H,1.39,5.58,7.8,85,85,87,83,26,27.73,81,84,80,79,28,26.36,38,28,5,5,94,33,89,84.32,34.21,83.04,38,18,6,14,70,63,60,57.83,51.66,57.6
2023-01-21,2022-2023,liverpool,chelsea,0,0,D,1.89,3.88,4.2,84,84,81,85,33,26.55,82,82,81,82,33,25.18,38,19,10,9,75,47,67,80.77,55.77,67.37,38,11,11,16,38,47,44,51.89,54.02,52.28
2023-01-21,2022-2023,afc bournemouth,nottingham forest,1,1,D,2.86,3.15,2.82,74,75,73,73,29,25.64,77,75,76,77,33,26.09,38,11,6,21,37,71,39,40.08,67.6,34.73,38,9,11,18,38,68,38,39.57,68.46,35.05
2023-01-21,2022-2023,leicester city,brighton & hove albion,2,2,D,3.61,3.71,2.1,78,77,80,76,33,24.45,77,75,77,78,28,27.18,38,9,7,22,51,68,34,48.99,59.79,45.07,38,18,8,12,72,53,62,77.72,50.15,70.86
2023-01-21,2022-2023,southampton,aston villa,0,1,A,2.96,3.4,2.57,75,76,74,75,29,23.91,79,79,78,79,32,26.55,38,6,7,25,36,73,25,39.27,62.9,36.47,38,18,7,13,51,46,61,50.0,53.96,54.37
2023-01-21,2022-2023,west ham united,everton,2,0,H,1.82,3.65,5.0,78,78,79,78,32,28.73,76,77,76,76,28,26.73,38,11,7,20,42,55,40,51.21,55.31,51.62,38,8,12,18,34,57,36,48.65,68.58,40.71
2023-01-21,2022-2023,crystal palace,newcastle united,0,0,D,4.52,3.57,1.92,76,76,76,76,31,25.82,80,79,80,80,33,26.91,38,11,15,12,50,46,48,48.84,41.33,58.15,38,19,14,5,68,33,71,76.98,41.86,71.67
2023-01-22,2022-2023,leeds united,brentford,0,0,D,2.39,3.72,2.99,75,75,76,74,30,27.0,75,74,75,76,30,24.64,38,7,10,21,48,78,31,47.8,69.58,40.58,38,15,14,9,58,46,59,59.23,51.45,58.26
2023-01-22,2022-2023,manchester city,wolverhampton wanderers,3,0,H,1.2,7.65,14.95,85,85,87,83,26,27.73,78,77,78,76,33,26.82,38,28,5,5,94,33,89,84.32,34.21,83.04,38,11,8,19,31,58,41,35.13,62.68,35.01
2023-01-22,2022-2023,arsenal,manchester united,3,2,H,1.88,3.92,4.19,82,82,84,81,32,24.18,82,81,84,81,33,26.91,38,26,6,6,88,43,84,76.51,45.16,72.53,38,23,6,9,58,43,75,71.9,50.29,66.4
2023-01-23,2022-2023,fulham fc,tottenham hotspur,0,1,A,3.33,3.88,2.15,76,79,76,75,31,27.45,81,84,80,79,28,26.36,38,15,7,16,55,53,52,47.98,71.49,39.24,38,18,6,14,70,63,60,57.83,51.66,57.6
2023-02-03,2022-2023,chelsea,fulham fc,0,0,D,1.65,4.11,5.79,82,82,81,82,33,25.18,76,79,76,75,31,27.45,38,11,11,16,38,47,44,51.89,54.02,52.28,38,15,7,16,55,53,52,47.98,71.49,39.24
2023-02-04,2022-2023,everton,arsenal,1,0,H,8.93,4.84,1.41,76,77,76,76,28,26.73,82,82,84,81,32,24.18,38,8,12,18,34,57,36,48.65,68.58,40.71,38,26,6,6,88,43,84,76.51,45.16,72.53
2023-02-04,2022-2023,aston villa,leicester city,2,4,A,2.02,3.63,3.95,79,79,78,79,32,26.55,78,77,80,76,33,24.45,38,18,7,13,51,46,61,50.0,53.96,54.37,38,9,7,22,51,68,34,48.99,59.79,45.07
2023-02-04,2022-2023,brentford,southampton,3,0,H,1.92,3.68,4.36,75,74,75,76,30,24.64,75,76,74,75,29,23.91,38,15,14,9,58,46,59,59.23,51.45,58.26,38,6,7,25,36,73,25,39.27,62.9,36.47
2023-02-04,2022-2023,brighton & hove albion,afc bournemouth,1,0,H,1.35,5.42,9.88,77,75,77,78,28,27.18,74,75,73,73,29,25.64,38,18,8,12,72,53,62,77.72,50.15,70.86,38,11,6,21,37,71,39,40.08,67.6,34.73
2023-02-04,2022-2023,manchester united,crystal palace,2,1,H,1.41,4.91,8.97,82,81,84,81,33,26.91,76,76,76,76,31,25.82,38,23,6,9,58,43,75,71.9,50.29,66.4,38,11,15,12,50,46,48,48.84,41.33,58.15
2023-02-04,2022-2023,wolverhampton wanderers,liverpool,3,0,H,4.14,3.93,1.89,78,77,78,76,33,26.82,84,84,81,85,33,26.55,38,11,8,19,31,58,41,35.13,62.68,35.01,38,19,10,9,75,47,67,80.77,55.77,67.37
2023-02-04,2022-2023,newcastle united,west ham united,1,1,D,1.63,3.97,6.3,80,79,80,80,33,26.91,78,78,79,78,32,28.73,38,19,14,5,68,33,71,76.98,41.86,71.67,38,11,7,20,42,55,40,51.21,55.31,51.62
2023-02-05,2022-2023,nottingham forest,leeds united,1,0,H,2.69,3.46,2.76,77,75,76,77,33,26.09,75,75,76,74,30,27.0,38,9,11,18,38,68,38,39.57,68.46,35.05,38,7,10,21,48,78,31,47.8,69.58,40.58
2023-02-05,2022-2023,tottenham hotspur,manchester city,1,0,H,4.44,4.23,1.78,81,84,80,79,28,26.36,85,85,87,83,26,27.73,38,18,6,14,70,63,60,57.83,51.66,57.6,38,28,5,5,94,33,89,84.32,34.21,83.04
2023-02-08,2022-2023,manchester united,leeds united,2,2,D,1.48,4.98,6.69,82,81,84,81,33,26.91,75,75,76,74,30,27.0,38,23,6,9,58,43,75,71.9,50.29,66.4,38,7,10,21,48,78,31,47.8,69.58,40.58
2023-02-11,2022-2023,west ham united,chelsea,1,1,D,3.43,3.37,2.3,78,78,79,78,32,28.73,82,82,81,82,33,25.18,38,11,7,20,42,55,40,51.21,55.31,51.62,38,11,11,16,38,47,44,51.89,54.02,52.28
2023-02-11,2022-2023,arsenal,brentford,1,1,D,1.47,4.77,7.32,82,82,84,81,32,24.18,75,74,75,76,30,24.64,38,26,6,6,88,43,84,76.51,45.16,72.53,38,15,14,9,58,46,59,59.23,51.45,58.26
2023-02-11,2022-2023,crystal palace,brighton & hove albion,1,1,D,3.9,3.56,2.06,76,76,76,76,31,25.82,77,75,77,78,28,27.18,38,11,15,12,50,46,48,48.84,41.33,58.15,38,18,8,12,72,53,62,77.72,50.15,70.86
2023-02-11,2022-2023,fulham fc,nottingham forest,2,0,H,1.94,3.57,4.37,76,79,76,75,31,27.45,77,75,76,77,33,26.09,38,15,7,16,55,53,52,47.98,71.49,39.24,38,9,11,18,38,68,38,39.57,68.46,35.05
2023-02-11,2022-2023,leicester city,tottenham hotspur,4,1,H,3.46,3.7,2.16,78,77,80,76,33,24.45,81,84,80,79,28,26.36,38,9,7,22,51,68,34,48.99,59.79,45.07,38,18,6,14,70,63,60,57.83,51.66,57.6
2023-02-11,2022-2023,southampton,wolverhampton wanderers,1,2,A,3.16,3.18,2.55,75,76,74,75,29,23.91,78,77,78,76,33,26.82,38,6,7,25,36,73,25,39.27,62.9,36.47,38,11,8,19,31,58,41,35.13,62.68,35.01
2023-02-11,2022-2023,afc bournemouth,newcastle united,1,1,D,6.53,4.08,1.6,74,75,73,73,29,25.64,80,79,80,80,33,26.91,38,11,6,21,37,71,39,40.08,67.6,34.73,38,19,14,5,68,33,71,76.98,41.86,71.67
2023-02-12,2022-2023,leeds united,manchester united,0,2,A,3.98,3.87,1.94,75,75,76,74,30,27.0,82,81,84,81,33,26.91,38,7,10,21,48,78,31,47.8,69.58,40.58,38,23,6,9,58,43,75,71.9,50.29,66.4
2023-02-12,2022-2023,manchester city,aston villa,3,1,H,1.26,6.66,11.78,85,85,87,83,26,27.73,79,79,78,79,32,26.55,38,28,5,5,94,33,89,84.32,34.21,83.04,38,18,7,13,51,46,61,50.0,53.96,54.37
2023-02-13,2022-2023,liverpool,everton,2,0,H,1.55,4.48,6.39,84,84,81,85,33,26.55,76,77,76,76,28,26.73,38,19,10,9,75,47,67,80.77,55.77,67.37,38,8,12,18,34,57,36,48.65,68.58,40.71
2023-02-15,2022-2023,arsenal,manchester city,1,3,A,2.95,3.6,2.46,82,82,84,81,32,24.18,85,85,87,83,26,27.73,38,26,6,6,88,43,84,76.51,45.16,72.53,38,28,5,5,94,33,89,84.32,34.21,83.04
2023-02-18,2022-2023,aston villa,arsenal,2,4,A,4.54,3.8,1.85,79,79,78,79,32,26.55,82,82,84,81,32,24.18,38,18,7,13,51,46,61,50.0,53.96,54.37,38,26,6,6,88,43,84,76.51,45.16,72.53
2023-02-18,2022-2023,brentford,crystal palace,1,1,D,1.85,3.62,4.84,75,74,75,76,30,24.64,76,76,76,76,31,25.82,38,15,14,9,58,46,59,59.23,51.45,58.26,38,11,15,12,50,46,48,48.84,41.33,58.15
2023-02-18,2022-2023,brighton & hove albion,fulham fc,0,1,A,1.66,4.16,5.46,77,75,77,78,28,27.18,76,79,76,75,31,27.45,38,18,8,12,72,53,62,77.72,50.15,70.86,38,15,7,16,55,53,52,47.98,71.49,39.24
2023-02-18,2022-2023,chelsea,southampton,0,1,A,1.4,4.78,9.69,82,82,81,82,33,25.18,75,76,74,75,29,23.91,38,11,11,16,38,47,44,51.89,54.02,52.28,38,6,7,25,36,73,25,39.27,62.9,36.47
2023-02-18,2022-2023,everton,leeds united,1,0,H,2.53,3.36,3.03,76,77,76,76,28,26.73,75,75,76,74,30,27.0,38,8,12,18,34,57,36,48.65,68.58,40.71,38,7,10,21,48,78,31,47.8,69.58,40.58
2023-02-18,2022-2023,nottingham forest,manchester city,1,1,D,10.3,5.67,1.33,77,75,76,77,33,26.09,85,85,87,83,26,27.73,38,9,11,18,38,68,38,39.57,68.46,35.05,38,28,5,5,94,33,89,84.32,34.21,83.04
2023-02-18,2022-2023,wolverhampton wanderers,afc bournemouth,0,1,A,1.69,3.86,5.78,78,77,78,76,33,26.82,74,75,73,73,29,25.64,38,11,8,19,31,58,41,35.13,62.68,35.01,38,11,6,21,37,71,39,40.08,67.6,34.73
2023-02-18,2022-2023,newcastle united,liverpool,0,2,A,2.57,3.58,2.82,80,79,80,80,33,26.91,84,84,81,85,33,26.55,38,19,14,5,68,33,71,76.98,41.86,71.67,38,19,10,9,75,47,67,80.77,55.77,67.37
2023-02-19,2022-2023,manchester united,leicester city,3,0,H,1.65,4.34,5.37,82,81,84,81,33,26.91,78,77,80,76,33,24.45,38,23,6,9,58,43,75,71.9,50.29,66.4,38,9,7,22,51,68,34,48.99,59.79,45.07
2023-02-19,2022-2023,tottenham hotspur,west ham united,2,0,H,1.87,3.76,4.47,81,84,80,79,28,26.36,78,78,79,78,32,28.73,38,18,6,14,70,63,60,57.83,51.66,57.6,38,11,7,20,42,55,40,51.21,55.31,51.62
2023-02-24,2022-2023,fulham fc,wolverhampton wanderers,1,1,D,2.59,3.26,3.04,76,79,76,75,31,27.45,78,77,78,76,33,26.82,38,15,7,16,55,53,52,47.98,71.49,39.24,38,11,8,19,31,58,41,35.13,62.68,35.01
2023-02-25,2022-2023,everton,aston villa,0,2,A,2.59,3.25,3.05,76,77,76,76,28,26.73,79,79,78,79,32,26.55,38,8,12,18,34,57,36,48.65,68.58,40.71,38,18,7,13,51,46,61,50.0,53.96,54.37
2023-02-25,2022-2023,leeds united,southampton,1,0,H,2.02,3.62,3.97,75,75,76,74,30,27.0,75,76,74,75,29,23.91,38,7,10,21,48,78,31,47.8,69.58,40.58,38,6,7,25,36,73,25,39.27,62.9,36.47
2023-02-25,2022-2023,leicester city,arsenal,0,1,A,4.93,4.15,1.72,78,77,80,76,33,24.45,82,82,84,81,32,24.18,38,9,7,22,51,68,34,48.99,59.79,45.07,38,26,6,6,88,43,84,76.51,45.16,72.53
2023-02-25,2022-2023,west ham united,nottingham forest,4,0,H,1.81,3.63,5.16,78,78,79,78,32,28.73,77,75,76,77,33,26.09,38,11,7,20,42,55,40,51.21,55.31,51.62,38,9,11,18,38,68,38,39.57,68.46,35.05
2023-02-25,2022-2023,afc bournemouth,manchester city,1,4,A,9.67,5.74,1.3,74,75,73,73,29,25.64,85,85,87,83,26,27.73,38,11,6,21,37,71,39,40.08,67.6,34.73,38,28,5,5,94,33,89,84.32,34.21,83.04
2023-02-25,2022-2023,crystal palace,liverpool,0,0,D,4.86,3.99,1.76,76,76,76,76,31,25.82,84,84,81,85,33,26.55,38,11,15,12,50,46,48,48.84,41.33,58.15,38,19,10,9,75,47,67,80.77,55.77,67.37
2023-02-26,2022-2023,tottenham hotspur,chelsea,2,0,H,2.59,3.36,2.96,81,84,80,79,28,26.36,82,82,81,82,33,25.18,38,18,6,14,70,63,60,57.83,51.66,57.6,38,11,11,16,38,47,44,51.89,54.02,52.28
2023-03-01,2022-2023,arsenal,everton,4,0,H,1.38,5.01,9.1,82,82,84,81,32,24.18,76,77,76,76,28,26.73,38,26,6,6,88,43,84,76.51,45.16,72.53,38,8,12,18,34,57,36,48.65,68.58,40.71
2023-03-01,2022-2023,liverpool,wolverhampton wanderers,2,0,H,1.5,4.63,6.68,84,84,81,85,33,26.55,78,77,78,76,33,26.82,38,19,10,9,75,47,67,80.77,55.77,67.37,38,11,8,19,31,58,41,35.13,62.68,35.01
2023-03-04,2022-2023,manchester city,newcastle united,2,0,H,1.52,4.6,6.5,85,85,87,83,26,27.73,80,79,80,80,33,26.91,38,28,5,5,94,33,89,84.32,34.21,83.04,38,19,14,5,68,33,71,76.98,41.86,71.67
2023-03-04,2022-2023,arsenal,afc bournemouth,3,2,H,1.22,6.83,13.69,82,82,84,81,32,24.18,74,75,73,73,29,25.64,38,26,6,6,88,43,84,76.51,45.16,72.53,38,11,6,21,37,71,39,40.08,67.6,34.73
2023-03-04,2022-2023,aston villa,crystal palace,1,0,H,2.08,3.37,3.99,79,79,78,79,32,26.55,76,76,76,76,31,25.82,38,18,7,13,51,46,61,50.0,53.96,54.37,38,11,15,12,50,46,48,48.84,41.33,58.15
2023-03-04,2022-2023,brighton & hove albion,west ham united,4,0,H,1.78,3.88,4.75,77,75,77,78,28,27.18,78,78,79,78,32,28.73,38,18,8,12,72,53,62,77.72,50.15,70.86,38,11,7,20,42,55,40,51.21,55.31,51.62
2023-03-04,2022-2023,chelsea,leeds united,1,0,H,1.65,4.05,5.62,82,82,81,82,33,25.18,75,75,76,74,30,27.0,38,11,11,16,38,47,44,51.89,54.02,52.28,38,7,10,21,48,78,31,47.8,69.58,40.58
2023-03-04,2022-2023,wolverhampton wanderers,tottenham hotspur,1,0,H,3.32,3.41,2.31,78,77,78,76,33,26.82,81,84,80,79,28,26.36,38,11,8,19,31,58,41,35.13,62.68,35.01,38,18,6,14,70,63,60,57.83,51.66,57.6
2023-03-04,2022-2023,southampton,leicester city,1,0,H,2.85,3.3,2.67,75,76,74,75,29,23.91,78,77,80,76,33,24.45,38,6,7,25,36,73,25,39.27,62.9,36.47,38,9,7,22,51,68,34,48.99,59.79,45.07
2023-03-05,2022-2023,nottingham forest,everton,2,2,D,2.7,3.11,2.98,77,75,76,77,33,26.09,76,77,76,76,28,26.73,38,9,11,18,38,68,38,39.57,68.46,35.05,38,8,12,18,34,57,36,48.65,68.58,40.71
2023-03-05,2022-2023,liverpool,manchester united,7,0,H,2.39,3.76,2.91,84,84,81,85,33,26.55,82,81,84,81,33,26.91,38,19,10,9,75,47,67,80.77,55.77,67.37,38,23,6,9,58,43,75,71.9,50.29,66.4
2023-03-06,2022-2023,brentford,fulham fc,3,2,H,2.0,3.76,3.82,75,74,75,76,30,24.64,76,79,76,75,31,27.45,38,15,14,9,58,46,59,59.23,51.45,58.26,38,15,7,16,55,53,52,47.98,71.49,39.24
2023-03-11,2022-2023,afc bournemouth,liverpool,1,0,H,7.07,5.07,1.44,74,75,73,73,29,25.64,84,84,81,85,33,26.55,38,11,6,21,37,71,39,40.08,67.6,34.73,38,19,10,9,75,47,67,80.77,55.77,67.37
2023-03-11,2022-2023,everton,brentford,1,0,H,2.75,3.23,2.82,76,77,76,76,28,26.73,75,74,75,76,30,24.64,38,8,12,18,34,57,36,48.65,68.58,40.71,38,15,14,9,58,46,59,59.23,51.45,58.26
2023-03-11,2022-2023,leeds united,brighton & hove albion,2,2,D,3.94,3.76,1.96,75,75,76,74,30,27.0,77,75,77,78,28,27.18,38,7,10,21,48,78,31,47.8,69.58,40.58,38,18,8,12,72,53,62,77.72,50.15,70.86
2023-03-11,2022-2023,leicester city,chelsea,1,3,A,3.9,3.61,2.02,78,77,80,76,33,24.45,82,82,81,82,33,25.18,38,9,7,22,51,68,34,48.99,59.79,45.07,38,11,11,16,38,47,44,51.89,54.02,52.28
2023-03-11,2022-2023,tottenham hotspur,nottingham forest,3,1,H,1.45,4.69,7.8,81,84,80,79,28,26.36,77,75,76,77,33,26.09,38,18,6,14,70,63,60,57.83,51.66,57.6,38,9,11,18,38,68,38,39.57,68.46,35.05
2023-03-11,2022-2023,crystal palace,manchester city,0,1,A,9.18,5.2,1.37,76,76,76,76,31,25.82,85,85,87,83,26,27.73,38,11,15,12,50,46,48,48.84,41.33,58.15,38,28,5,5,94,33,89,84.32,34.21,83.04
2023-03-12,2022-2023,fulham fc,arsenal,0,3,A,6.02,4.23,1.59,76,79,76,75,31,27.45,82,82,84,81,32,24.18,38,15,7,16,55,53,52,47.98,71.49,39.24,38,26,6,6,88,43,84,76.51,45.16,72.53
2023-03-12,2022-2023,manchester united,southampton,0,0,D,1.34,5.33,10.01,82,81,84,81,33,26.91,75,76,74,75,29,23.91,38,23,6,9,58,43,75,71.9,50.29,66.4,38,6,7,25,36,73,25,39.27,62.9,36.47
2023-03-12,2022-2023,west ham united,aston villa,1,1,D,2.25,3.4,3.45,78,78,79,78,32,28.73,79,79,78,79,32,26.55,38,11,7,20,42,55,40,51.21,55.31,51.62,38,18,7,13,51,46,61,50.0,53.96,54.37
2023-03-12,2022-2023,newcastle united,wolverhampton wanderers,2,1,H,1.68,3.88,5.55,80,79,80,80,33,26.91,78,77,78,76,33,26.82,38,19,14,5,68,33,71,76.98,41.86,71.67,38,11,8,19,31,58,41,35.13,62.68,35.01
2023-03-15,2022-2023,brighton & hove albion,crystal palace,1,0,H,1.47,4.51,7.72,77,75,77,78,28,27.18,76,76,76,76,31,25.82,38,18,8,12,72,53,62,77.72,50.15,70.86,38,11,15,12,50,46,48,48.84,41.33,58.15
2023-03-15,2022-2023,southampton,brentford,0,2,A,3.05,3.36,2.49,75,76,74,75,29,23.91,75,74,75,76,30,24.64,38,6,7,25,36,73,25,39.27,62.9,36.47,38,15,14,9,58,46,59,59.23,51.45,58.26
2023-03-17,2022-2023,nottingham forest,newcastle united,1,2,A,5.81,3.87,1.68,77,75,76,77,33,26.09,80,79,80,80,33,26.91,38,9,11,18,38,68,38,39.57,68.46,35.05,38,19,14,5,68,33,71,76.98,41.86,71.67
2023-03-18,2022-2023,aston villa,afc bournemouth,3,0,H,1.74,3.88,5.11,79,79,78,79,32,26.55,74,75,73,73,29,25.64,38,18,7,13,51,46,61,50.0,53.96,54.37,38,11,6,21,37,71,39,40.08,67.6,34.73
2023-03-18,2022-2023,brentford,leicester city,1,1,D,1.95,3.79,3.94,75,74,75,76,30,24.64,78,77,80,76,33,24.45,38,15,14,9,58,46,59,59.23,51.45,58.26,38,9,7,22,51,68,34,48.99,59.79,45.07
2023-03-18,2022-2023,southampton,tottenham hotspur,3,3,D,4.62,3.78,1.82,75,76,74,75,29,23.91,81,84,80,79,28,26.36,38,6,7,25,36,73,25,39.27,62.9,36.47,38,18,6,14,70,63,60,57.83,51.66,57.6
2023-03-18,2022-2023,wolverhampton wanderers,leeds united,2,4,A,2.3,3.25,3.5,78,77,78,76,33,26.82,75,75,76,74,30,27.0,38,11,8,19,31,58,41,35.13,62.68,35.01,38,7,10,21,48,78,31,47.8,69.58,40.58
2023-03-18,2022-2023,chelsea,everton,2,2,D,1.5,4.19,7.95,82,82,81,82,33,25.18,76,77,76,76,28,26.73,38,11,11,16,38,47,44,51.89,54.02,52.28,38,8,12,18,34,57,36,48.65,68.58,40.71
2023-03-19,2022-2023,arsenal,crystal palace,4,1,H,1.26,6.02,12.73,82,82,84,81,32,24.18,76,76,76,76,31,25.82,38,26,6,6,88,43,84,76.51,45.16,72.53,38,11,15,12,50,46,48,48.84,41.33,58.15
2023-04-01,2022-2023,manchester city,liverpool,4,1,H,1.66,4.22,5.26,85,85,87,83,26,27.73,84,84,81,85,33,26.55,38,28,5,5,94,33,89,84.32,34.21,83.04,38,19,10,9,75,47,67,80.77,55.77,67.37
2023-04-01,2022-2023,arsenal,leeds united,4,1,H,1.29,5.97,10.92,82,82,84,81,32,24.18,75,75,76,74,30,27.0,38,26,6,6,88,43,84,76.51,45.16,72.53,38,7,10,21,48,78,31,47.8,69.58,40.58
2023-04-01,2022-2023,afc bournemouth,fulham fc,2,1,H,2.56,3.44,2.89,74,75,73,73,29,25.64,76,79,76,75,31,27.45,38,11,6,21,37,71,39,40.08,67.6,34.73,38,15,7,16,55,53,52,47.98,71.49,39.24
2023-04-01,2022-2023,brighton & hove albion,brentford,3,3,D,1.67,4.18,5.16,77,75,77,78,28,27.18,75,74,75,76,30,24.64,38,18,8,12,72,53,62,77.72,50.15,70.86,38,15,14,9,58,46,59,59.23,51.45,58.26
2023-04-01,2022-2023,crystal palace,leicester city,2,1,H,2.56,3.28,3.02,76,76,76,76,31,25.82,78,77,80,76,33,24.45,38,11,15,12,50,46,48,48.84,41.33,58.15,38,9,7,22,51,68,34,48.99,59.79,45.07
2023-04-01,2022-2023,nottingham forest,wolverhampton wanderers,1,1,D,3.01,3.16,2.64,77,75,76,77,33,26.09,78,77,78,76,33,26.82,38,9,11,18,38,68,38,39.57,68.46,35.05,38,11,8,19,31,58,41,35.13,62.68,35.01
2023-04-01,2022-2023,chelsea,aston villa,0,2,A,1.69,3.83,5.57,82,82,81,82,33,25.18,79,79,78,79,32,26.55,38,11,11,16,38,47,44,51.89,54.02,52.28,38,18,7,13,51,46,61,50.0,53.96,54.37
2023-04-02,2022-2023,west ham united,southampton,1,0,H,1.77,3.89,4.82,78,78,79,78,32,28.73,75,76,74,75,29,23.91,38,11,7,20,42,55,40,51.21,55.31,51.62,38,6,7,25,36,73,25,39.27,62.9,36.47
2023-04-02,2022-2023,newcastle united,manchester united,2,0,H,2.4,3.55,3.03,80,79,80,80,33,26.91,82,81,84,81,33,26.91,38,19,14,5,68,33,71,76.98,41.86,71.67,38,23,6,9,58,43,75,71.9,50.29,66.4
2023-04-03,2022-2023,everton,tottenham hotspur,1,1,D,3.44,3.45,2.24,76,77,76,76,28,26.73,81,84,80,79,28,26.36,38,8,12,18,34,57,36,48.65,68.58,40.71,38,18,6,14,70,63,60,57.83,51.66,57.6
2023-04-04,2022-2023,afc bournemouth,brighton & hove albion,0,2,A,6.16,4.37,1.58,74,75,73,73,29,25.64,77,75,77,78,28,27.18,38,11,6,21,37,71,39,40.08,67.6,34.73,38,18,8,12,72,53,62,77.72,50.15,70.86
2023-04-04,2022-2023,leeds united,nottingham forest,2,1,H,1.72,3.97,5.23,75,75,76,74,30,27.0,77,75,76,77,33,26.09,38,7,10,21,48,78,31,47.8,69.58,40.58,38,9,11,18,38,68,38,39.57,68.46,35.05
2023-04-04,2022-2023,leicester city,aston villa,1,2,A,2.68,3.4,2.82,78,77,80,76,33,24.45,79,79,78,79,32,26.55,38,9,7,22,51,68,34,48.99,59.79,45.07,38,18,7,13,51,46,61,50.0,53.96,54.37
2023-04-04,2022-2023,chelsea,liverpool,0,0,D,2.26,3.51,3.4,82,82,81,82,33,25.18,84,84,81,85,33,26.55,38,11,11,16,38,47,44,51.89,54.02,52.28,38,19,10,9,75,47,67,80.77,55.77,67.37
2023-04-05,2022-2023,manchester united,brentford,1,0,H,1.67,4.23,5.09,82,81,84,81,33,26.91,75,74,75,76,30,24.64,38,23,6,9,58,43,75,71.9,50.29,66.4,38,15,14,9,58,46,59,59.23,51.45,58.26
2023-04-05,2022-2023,west ham united,newcastle united,1,5,A,3.63,3.46,2.15,78,78,79,78,32,28.73,80,79,80,80,33,26.91,38,11,7,20,42,55,40,51.21,55.31,51.62,38,19,14,5,68,33,71,76.98,41.86,71.67
2023-04-08,2022-2023,manchester united,everton,2,0,H,1.52,4.42,6.88,82,81,84,81,33,26.91,76,77,76,76,28,26.73,38,23,6,9,58,43,75,71.9,50.29,66.4,38,8,12,18,34,57,36,48.65,68.58,40.71
2023-04-08,2022-2023,aston villa,nottingham forest,2,0,H,1.64,4.16,5.5,79,79,78,79,32,26.55,77,75,76,77,33,26.09,38,18,7,13,51,46,61,50.0,53.96,54.37,38,9,11,18,38,68,38,39.57,68.46,35.05
2023-04-08,2022-2023,brentford,newcastle united,1,2,A,3.58,3.58,2.13,75,74,75,76,30,24.64,80,79,80,80,33,26.91,38,15,14,9,58,46,59,59.23,51.45,58.26,38,19,14,5,68,33,71,76.98,41.86,71.67
2023-04-08,2022-2023,fulham fc,west ham united,0,1,A,2.81,3.33,2.69,76,79,76,75,31,27.45,78,78,79,78,32,28.73,38,15,7,16,55,53,52,47.98,71.49,39.24,38,11,7,20,42,55,40,51.21,55.31,51.62
2023-04-08,2022-2023,leicester city,afc bournemouth,0,1,A,1.91,3.76,4.18,78,77,80,76,33,24.45,74,75,73,73,29,25.64,38,9,7,22,51,68,34,48.99,59.79,45.07,38,11,6,21,37,71,39,40.08,67.6,34.73
2023-04-08,2022-2023,tottenham hotspur,brighton & hove albion,2,1,H,2.58,3.68,2.72,81,84,80,79,28,26.36,77,75,77,78,28,27.18,38,18,6,14,70,63,60,57.83,51.66,57.6,38,18,8,12,72,53,62,77.72,50.15,70.86
2023-04-08,2022-2023,wolverhampton wanderers,chelsea,1,0,H,4.28,3.58,1.93,78,77,78,76,33,26.82,82,82,81,82,33,25.18,38,11,8,19,31,58,41,35.13,62.68,35.01,38,11,11,16,38,47,44,51.89,54.02,52.28
2023-04-08,2022-2023,southampton,manchester city,1,4,A,12.65,6.46,1.24,75,76,74,75,29,23.91,85,85,87,83,26,27.73,38,6,7,25,36,73,25,39.27,62.9,36.47,38,28,5,5,94,33,89,84.32,34.21,83.04
2023-04-09,2022-2023,leeds united,crystal palace,1,5,A,2.14,3.48,3.67,75,75,76,74,30,27.0,76,76,76,76,31,25.82,38,7,10,21,48,78,31,47.8,69.58,40.58,38,11,15,12,50,46,48,48.84,41.33,58.15
2023-04-09,2022-2023,liverpool,arsenal,2,2,D,2.82,3.81,2.44,84,84,81,85,33,26.55,82,82,84,81,32,24.18,38,19,10,9,75,47,67,80.77,55.77,67.37,38,26,6,6,88,43,84,76.51,45.16,72.53
2023-04-15,2022-2023,aston villa,newcastle united,3,0,H,3.71,3.47,2.13,79,79,78,79,32,26.55,80,79,80,80,33,26.91,38,18,7,13,51,46,61,50.0,53.96,54.37,38,19,14,5,68,33,71,76.98,41.86,71.67
2023-04-15,2022-2023,chelsea,brighton & hove albion,1,2,A,2.67,3.52,2.72,82,82,81,82,33,25.18,77,75,77,78,28,27.18,38,11,11,16,38,47,44,51.89,54.02,52.28,38,18,8,12,72,53,62,77.72,50.15,70.86
2023-04-15,2022-2023,everton,fulham fc,1,3,A,2.08,3.48,3.85,76,77,76,76,28,26.73,76,79,76,75,31,27.45,38,8,12,18,34,57,36,48.65,68.58,40.71,38,15,7,16,55,53,52,47.98,71.49,39.24
2023-04-15,2022-2023,southampton,crystal palace,0,2,A,2.88,3.19,2.73,75,76,74,75,29,23.91,76,76,76,76,31,25.82,38,6,7,25,36,73,25,39.27,62.9,36.47,38,11,15,12,50,46,48,48.84,41.33,58.15
2023-04-15,2022-2023,tottenham hotspur,afc bournemouth,2,3,A,1.49,4.68,6.8,81,84,80,79,28,26.36,74,75,73,73,29,25.64,38,18,6,14,70,63,60,57.83,51.66,57.6,38,11,6,21,37,71,39,40.08,67.6,34.73
2023-04-15,2022-2023,wolverhampton wanderers,brentford,2,0,H,2.57,3.26,3.01,78,77,78,76,33,26.82,75,74,75,76,30,24.64,38,11,8,19,31,58,41,35.13,62.68,35.01,38,15,14,9,58,46,59,59.23,51.45,58.26
2023-04-15,2022-2023,manchester city,leicester city,3,1,H,1.16,8.82,16.85,85,85,87,83,26,27.73,78,77,80,76,33,24.45,38,28,5,5,94,33,89,84.32,34.21,83.04,38,9,7,22,51,68,34,48.99,59.79,45.07
2023-04-16,2022-2023,west ham united,arsenal,2,2,D,6.14,4.29,1.57,78,78,79,78,32,28.73,82,82,84,81,32,24.18,38,11,7,20,42,55,40,51.21,55.31,51.62,38,26,6,6,88,43,84,76.51,45.16,72.53
2023-04-16,2022-2023,nottingham forest,manchester united,0,2,A,5.07,4.01,1.71,77,75,76,77,33,26.09,82,81,84,81,33,26.91,38,9,11,18,38,68,38,39.57,68.46,35.05,38,23,6,9,58,43,75,71.9,50.29,66.4
2023-04-17,2022-2023,leeds united,liverpool,1,6,A,4.39,4.42,1.74,75,75,76,74,30,27.0,84,84,81,85,33,26.55,38,7,10,21,48,78,31,47.8,69.58,40.58,38,19,10,9,75,47,67,80.77,55.77,67.37
2023-04-21,2022-2023,arsenal,southampton,3,3,D,1.21,7.62,14.32,82,82,84,81,32,24.18,75,76,74,75,29,23.91,38,26,6,6,88,43,84,76.51,45.16,72.53,38,6,7,25,36,73,25,39.27,62.9,36.47
2023-04-22,2022-2023,fulham fc,leeds united,2,1,H,2.44,3.47,3.03,76,79,76,75,31,27.45,75,75,76,74,30,27.0,38,15,7,16,55,53,52,47.98,71.49,39.24,38,7,10,21,48,78,31,47.8,69.58,40.58
2023-04-22,2022-2023,brentford,aston villa,1,1,D,2.55,3.51,2.85,75,74,75,76,30,24.64,79,79,78,79,32,26.55,38,15,14,9,58,46,59,59.23,51.45,58.26,38,18,7,13,51,46,61,50.0,53.96,54.37
2023-04-22,2022-2023,crystal palace,everton,0,0,D,2.15,3.28,3.87,76,76,76,76,31,25.82,76,77,76,76,28,26.73,38,11,15,12,50,46,48,48.84,41.33,58.15,38,8,12,18,34,57,36,48.65,68.58,40.71
2023-04-22,2022-2023,leicester city,wolverhampton wanderers,2,1,H,2.46,3.31,3.14,78,77,80,76,33,24.45,78,77,78,76,33,26.82,38,9,7,22,51,68,34,48.99,59.79,45.07,38,11,8,19,31,58,41,35.13,62.68,35.01
2023-04-22,2022-2023,liverpool,nottingham forest,3,2,H,1.19,7.71,15.51,84,84,81,85,33,26.55,77,75,76,77,33,26.09,38,19,10,9,75,47,67,80.77,55.77,67.37,38,9,11,18,38,68,38,39.57,68.46,35.05
2023-04-23,2022-2023,afc bournemouth,west ham united,0,4,A,2.85,3.3,2.68,74,75,73,73,29,25.64,78,78,79,78,32,28.73,38,11,6,21,37,71,39,40.08,67.6,34.73,38,11,7,20,42,55,40,51.21,55.31,51.62
2023-04-23,2022-2023,newcastle united,tottenham hotspur,6,1,H,1.84,3.94,4.31,80,79,80,80,33,26.91,81,84,80,79,28,26.36,38,19,14,5,68,33,71,76.98,41.86,71.67,38,18,6,14,70,63,60,57.83,51.66,57.6
2023-04-25,2022-2023,wolverhampton wanderers,crystal palace,2,0,H,2.56,3.15,3.13,78,77,78,76,33,26.82,76,76,76,76,31,25.82,38,11,8,19,31,58,41,35.13,62.68,35.01,38,11,15,12,50,46,48,48.84,41.33,58.15
2023-04-25,2022-2023,aston villa,fulham fc,1,0,H,1.8,3.99,4.45,79,79,78,79,32,26.55,76,79,76,75,31,27.45,38,18,7,13,51,46,61,50.0,53.96,54.37,38,15,7,16,55,53,52,47.98,71.49,39.24
2023-04-25,2022-2023,leeds united,leicester city,1,1,D,2.39,3.59,3.02,75,75,76,74,30,27.0,78,77,80,76,33,24.45,38,7,10,21,48,78,31,47.8,69.58,40.58,38,9,7,22,51,68,34,48.99,59.79,45.07
2023-04-26,2022-2023,nottingham forest,brighton & hove albion,3,1,H,6.12,4.42,1.56,77,75,76,77,33,26.09,77,75,77,78,28,27.18,38,9,11,18,38,68,38,39.57,68.46,35.05,38,18,8,12,72,53,62,77.72,50.15,70.86
2023-04-26,2022-2023,chelsea,brentford,0,2,A,1.73,3.93,5.06,82,82,81,82,33,25.18,75,74,75,76,30,24.64,38,11,11,16,38,47,44,51.89,54.02,52.28,38,15,14,9,58,46,59,59.23,51.45,58.26
2023-04-26,2022-2023,west ham united,liverpool,1,2,A,4.07,3.97,1.88,78,78,79,78,32,28.73,84,84,81,85,33,26.55,38,11,7,20,42,55,40,51.21,55.31,51.62,38,19,10,9,75,47,67,80.77,55.77,67.37
2023-04-26,2022-2023,manchester city,arsenal,4,1,H,1.57,4.52,5.71,85,85,87,83,26,27.73,82,82,84,81,32,24.18,38,28,5,5,94,33,89,84.32,34.21,83.04,38,26,6,6,88,43,84,76.51,45.16,72.53
2023-04-27,2022-2023,everton,newcastle united,1,4,A,5.03,3.83,1.75,76,77,76,76,28,26.73,80,79,80,80,33,26.91,38,8,12,18,34,57,36,48.65,68.58,40.71,38,19,14,5,68,33,71,76.98,41.86,71.67
2023-04-27,2022-2023,southampton,afc bournemouth,0,1,A,2.34,3.49,3.19,75,76,74,75,29,23.91,74,75,73,73,29,25.64,38,6,7,25,36,73,25,39.27,62.9,36.47,38,11,6,21,37,71,39,40.08,67.6,34.73
2023-04-27,2022-2023,tottenham hotspur,manchester united,2,2,D,2.81,3.72,2.48,81,84,80,79,28,26.36,82,81,84,81,33,26.91,38,18,6,14,70,63,60,57.83,51.66,57.6,38,23,6,9,58,43,75,71.9,50.29,66.4
2023-04-29,2022-2023,crystal palace,west ham united,4,3,H,2.73,3.24,2.83,76,76,76,76,31,25.82,78,78,79,78,32,28.73,38,11,15,12,50,46,48,48.84,41.33,58.15,38,11,7,20,42,55,40,51.21,55.31,51.62
2023-04-29,2022-2023,brentford,nottingham forest,2,1,H,1.68,3.92,5.54,75,74,75,76,30,24.64,77,75,76,77,33,26.09,38,15,14,9,58,46,59,59.23,51.45,58.26,38,9,11,18,38,68,38,39.57,68.46,35.05
2023-04-29,2022-2023,brighton & hove albion,wolverhampton wanderers,6,0,H,1.51,4.48,6.75,77,75,77,78,28,27.18,78,77,78,76,33,26.82,38,18,8,12,72,53,62,77.72,50.15,70.86,38,11,8,19,31,58,41,35.13,62.68,35.01
2023-04-30,2022-2023,afc bournemouth,leeds united,4,1,H,2.65,3.57,2.69,74,75,73,73,29,25.64,75,75,76,74,30,27.0,38,11,6,21,37,71,39,40.08,67.6,34.73,38,7,10,21,48,78,31,47.8,69.58,40.58
2023-04-30,2022-2023,fulham fc,manchester city,1,2,A,11.97,6.48,1.25,76,79,76,75,31,27.45,85,85,87,83,26,27.73,38,15,7,16,55,53,52,47.98,71.49,39.24,38,28,5,5,94,33,89,84.32,34.21,83.04
2023-04-30,2022-2023,manchester united,aston villa,1,0,H,1.81,4.03,4.34,82,81,84,81,33,26.91,79,79,78,79,32,26.55,38,23,6,9,58,43,75,71.9,50.29,66.4,38,18,7,13,51,46,61,50.0,53.96,54.37
2023-04-30,2022-2023,newcastle united,southampton,3,1,H,1.33,5.71,9.61,80,79,80,80,33,26.91,75,76,74,75,29,23.91,38,19,14,5,68,33,71,76.98,41.86,71.67,38,6,7,25,36,73,25,39.27,62.9,36.47
2023-04-30,2022-2023,liverpool,tottenham hotspur,4,3,H,1.54,4.97,5.51,84,84,81,85,33,26.55,81,84,80,79,28,26.36,38,19,10,9,75,47,67,80.77,55.77,67.37,38,18,6,14,70,63,60,57.83,51.66,57.6
2023-05-01,2022-2023,leicester city,everton,2,2,D,2.04,3.48,3.98,78,77,80,76,33,24.45,76,77,76,76,28,26.73,38,9,7,22,51,68,34,48.99,59.79,45.07,38,8,12,18,34,57,36,48.65,68.58,40.71
2023-05-02,2022-2023,arsenal,chelsea,3,1,H,1.59,4.32,5.96,82,82,84,81,32,24.18,82,82,81,82,33,25.18,38,26,6,6,88,43,84,76.51,45.16,72.53,38,11,11,16,38,47,44,51.89,54.02,52.28
2023-05-03,2022-2023,liverpool,fulham fc,1,0,H,1.27,6.5,10.02,84,84,81,85,33,26.55,76,79,76,75,31,27.45,38,19,10,9,75,47,67,80.77,55.77,67.37,38,15,7,16,55,53,52,47.98,71.49,39.24
2023-05-03,2022-2023,manchester city,west ham united,3,0,H,1.21,7.27,13.54,85,85,87,83,26,27.73,78,78,79,78,32,28.73,38,28,5,5,94,33,89,84.32,34.21,83.04,38,11,7,20,42,55,40,51.21,55.31,51.62
2023-05-04,2022-2023,brighton & hove albion,manchester united,1,0,H,2.05,3.84,3.57,77,75,77,78,28,27.18,82,81,84,81,33,26.91,38,18,8,12,72,53,62,77.72,50.15,70.86,38,23,6,9,58,43,75,71.9,50.29,66.4
2023-05-06,2022-2023,afc bournemouth,chelsea,1,3,A,3.46,3.55,2.19,74,75,73,73,29,25.64,82,82,81,82,33,25.18,38,11,6,21,37,71,39,40.08,67.6,34.73,38,11,11,16,38,47,44,51.89,54.02,52.28
2023-05-06,2022-2023,manchester city,leeds united,2,1,H,1.18,8.6,14.23,85,85,87,83,26,27.73,75,75,76,74,30,27.0,38,28,5,5,94,33,89,84.32,34.21,83.04,38,7,10,21,48,78,31,47.8,69.58,40.58
2023-05-06,2022-2023,tottenham hotspur,crystal palace,1,0,H,1.84,3.98,4.24,81,84,80,79,28,26.36,76,76,76,76,31,25.82,38,18,6,14,70,63,60,57.83,51.66,57.6,38,11,15,12,50,46,48,48.84,41.33,58.15
2023-05-06,2022-2023,wolverhampton wanderers,aston villa,1,0,H,3.06,3.31,2.51,78,77,78,76,33,26.82,79,79,78,79,32,26.55,38,11,8,19,31,58,41,35.13,62.68,35.01,38,18,7,13,51,46,61,50.0,53.96,54.37
2023-05-06,2022-2023,liverpool,brentford,1,0,H,1.49,5.09,6.17,84,84,81,85,33,26.55,75,74,75,76,30,24.64,38,19,10,9,75,47,67,80.77,55.77,67.37,38,15,14,9,58,46,59,59.23,51.45,58.26
2023-05-07,2022-2023,newcastle united,arsenal,0,2,A,2.51,3.8,2.73,80,79,80,80,33,26.91,82,82,84,81,32,24.18,38,19,14,5,68,33,71,76.98,41.86,71.67,38,26,6,6,88,43,84,76.51,45.16,72.53
2023-05-07,2022-2023,west ham united,manchester united,1,0,H,3.57,3.78,2.07,78,78,79,78,32,28.73,82,81,84,81,33,26.91,38,11,7,20,42,55,40,51.21,55.31,51.62,38,23,6,9,58,43,75,71.9,50.29,66.4
2023-05-08,2022-2023,fulham fc,leicester city,5,3,H,2.71,3.61,2.62,76,79,76,75,31,27.45,78,77,80,76,33,24.45,38,15,7,16,55,53,52,47.98,71.49,39.24,38,9,7,22,51,68,34,48.99,59.79,45.07
2023-05-08,2022-2023,brighton & hove albion,everton,1,5,A,1.38,5.34,8.38,77,75,77,78,28,27.18,76,77,76,76,28,26.73,38,18,8,12,72,53,62,77.72,50.15,70.86,38,8,12,18,34,57,36,48.65,68.58,40.71
2023-05-08,2022-2023,nottingham forest,southampton,4,3,H,2.17,3.6,3.45,77,75,76,77,33,26.09,75,76,74,75,29,23.91,38,9,11,18,38,68,38,39.57,68.46,35.05,38,6,7,25,36,73,25,39.27,62.9,36.47
2023-05-13,2022-2023,leeds united,newcastle united,2,2,D,4.62,4.33,1.71,75,75,76,74,30,27.0,80,79,80,80,33,26.91,38,7,10,21,48,78,31,47.8,69.58,40.58,38,19,14,5,68,33,71,76.98,41.86,71.67
2023-05-13,2022-2023,aston villa,tottenham hotspur,2,1,H,2.34,3.72,3.01,79,79,78,79,32,26.55,81,84,80,79,28,26.36,38,18,7,13,51,46,61,50.0,53.96,54.37,38,18,6,14,70,63,60,57.83,51.66,57.6
2023-05-13,2022-2023,chelsea,nottingham forest,2,2,D,1.51,4.47,6.88,82,82,81,82,33,25.18,77,75,76,77,33,26.09,38,11,11,16,38,47,44,51.89,54.02,52.28,38,9,11,18,38,68,38,39.57,68.46,35.05
2023-05-13,2022-2023,crystal palace,afc bournemouth,2,0,H,1.88,3.82,4.24,76,76,76,76,31,25.82,74,75,73,73,29,25.64,38,11,15,12,50,46,48,48.84,41.33,58.15,38,11,6,21,37,71,39,40.08,67.6,34.73
2023-05-13,2022-2023,manchester united,wolverhampton wanderers,2,0,H,1.38,5.24,8.6,82,81,84,81,33,26.91,78,77,78,76,33,26.82,38,23,6,9,58,43,75,71.9,50.29,66.4,38,11,8,19,31,58,41,35.13,62.68,35.01
2023-05-13,2022-2023,southampton,fulham fc,0,2,A,2.84,3.56,2.54,75,76,74,75,29,23.91,76,79,76,75,31,27.45,38,6,7,25,36,73,25,39.27,62.9,36.47,38,15,7,16,55,53,52,47.98,71.49,39.24
2023-05-14,2022-2023,brentford,west ham united,2,0,H,2.06,3.65,3.71,75,74,75,76,30,24.64,78,78,79,78,32,28.73,38,15,14,9,58,46,59,59.23,51.45,58.26,38,11,7,20,42,55,40,51.21,55.31,51.62
2023-05-14,2022-2023,everton,manchester city,0,3,A,8.95,5.45,1.36,76,77,76,76,28,26.73,85,85,87,83,26,27.73,38,8,12,18,34,57,36,48.65,68.58,40.71,38,28,5,5,94,33,89,84.32,34.21,83.04
2023-05-14,2022-2023,arsenal,brighton & hove albion,0,3,A,1.78,4.36,4.21,82,82,84,81,32,24.18,77,75,77,78,28,27.18,38,26,6,6,88,43,84,76.51,45.16,72.53,38,18,8,12,72,53,62,77.72,50.15,70.86
2023-05-15,2022-2023,leicester city,liverpool,0,3,A,4.99,4.74,1.61,78,77,80,76,33,24.45,84,84,81,85,33,26.55,38,9,7,22,51,68,34,48.99,59.79,45.07,38,19,10,9,75,47,67,80.77,55.77,67.37
2023-05-18,2022-2023,newcastle united,brighton & hove albion,4,1,H,2.06,3.95,3.44,80,79,80,80,33,26.91,77,75,77,78,28,27.18,38,19,14,5,68,33,71,76.98,41.86,71.67,38,18,8,12,72,53,62,77.72,50.15,70.86
2023-05-20,2022-2023,tottenham hotspur,brentford,1,3,A,1.85,3.99,4.16,81,84,80,79,28,26.36,75,74,75,76,30,24.64,38,18,6,14,70,63,60,57.83,51.66,57.6,38,15,14,9,58,46,59,59.23,51.45,58.26
2023-05-20,2022-2023,afc bournemouth,manchester united,0,1,A,5.87,4.84,1.53,74,75,73,73,29,25.64,82,81,84,81,33,26.91,38,11,6,21,37,71,39,40.08,67.6,34.73,38,23,6,9,58,43,75,71.9,50.29,66.4
2023-05-20,2022-2023,fulham fc,crystal palace,2,2,D,2.49,3.39,3.03,76,79,76,75,31,27.45,76,76,76,76,31,25.82,38,15,7,16,55,53,52,47.98,71.49,39.24,38,11,15,12,50,46,48,48.84,41.33,58.15
2023-05-20,2022-2023,liverpool,aston villa,1,1,D,1.5,5.07,5.94,84,84,81,85,33,26.55,79,79,78,79,32,26.55,38,19,10,9,75,47,67,80.77,55.77,67.37,38,18,7,13,51,46,61,50.0,53.96,54.37
2023-05-20,2022-2023,wolverhampton wanderers,everton,1,1,D,2.81,3.36,2.67,78,77,78,76,33,26.82,76,77,76,76,28,26.73,38,11,8,19,31,58,41,35.13,62.68,35.01,38,8,12,18,34,57,36,48.65,68.58,40.71
2023-05-20,2022-2023,nottingham forest,arsenal,1,0,H,5.37,4.47,1.61,77,75,76,77,33,26.09,82,82,84,81,32,24.18,38,9,11,18,38,68,38,39.57,68.46,35.05,38,26,6,6,88,43,84,76.51,45.16,72.53
2023-05-21,2022-2023,west ham united,leeds united,3,1,H,2.51,3.65,2.82,78,78,79,78,32,28.73,75,75,76,74,30,27.0,38,11,7,20,42,55,40,51.21,55.31,51.62,38,7,10,21,48,78,31,47.8,69.58,40.58
2023-05-21,2022-2023,brighton & hove albion,southampton,3,1,H,1.23,6.99,12.43,77,75,77,78,28,27.18,75,76,74,75,29,23.91,38,18,8,12,72,53,62,77.72,50.15,70.86,38,6,7,25,36,73,25,39.27,62.9,36.47
2023-05-21,2022-2023,manchester city,chelsea,1,0,H,1.26,6.39,11.14,85,85,87,83,26,27.73,82,82,81,82,33,25.18,38,28,5,5,94,33,89,84.32,34.21,83.04,38,11,11,16,38,47,44,51.89,54.02,52.28
2023-05-22,2022-2023,newcastle united,leicester city,0,0,D,1.4,5.55,7.24,80,79,80,80,33,26.91,78,77,80,76,33,24.45,38,19,14,5,68,33,71,76.98,41.86,71.67,38,9,7,22,51,68,34,48.99,59.79,45.07
2023-05-24,2022-2023,brighton & hove albion,manchester city,1,1,D,3.93,4.39,1.83,77,75,77,78,28,27.18,85,85,87,83,26,27.73,38,18,8,12,72,53,62,77.72,50.15,70.86,38,28,5,5,94,33,89,84.32,34.21,83.04
2023-05-25,2022-2023,manchester united,chelsea,4,1,H,1.63,4.49,5.19,82,81,84,81,33,26.91,82,82,81,82,33,25.18,38,23,6,9,58,43,75,71.9,50.29,66.4,38,11,11,16,38,47,44,51.89,54.02,52.28
2023-05-28,2022-2023,arsenal,wolverhampton wanderers,5,0,H,1.38,5.51,7.66,82,82,84,81,32,24.18,78,77,78,76,33,26.82,38,26,6,6,88,43,84,76.51,45.16,72.53,38,11,8,19,31,58,41,35.13,62.68,35.01
2023-05-28,2022-2023,aston villa,brighton & hove albion,2,1,H,2.05,4.03,3.35,79,79,78,79,32,26.55,77,75,77,78,28,27.18,38,18,7,13,51,46,61,50.0,53.96,54.37,38,18,8,12,72,53,62,77.72,50.15,70.86
2023-05-28,2022-2023,brentford,manchester city,1,0,H,4.04,4.1,1.84,75,74,75,76,30,24.64,85,85,87,83,26,27.73,38,15,14,9,58,46,59,59.23,51.45,58.26,38,28,5,5,94,33,89,84.32,34.21,83.04
2023-05-28,2022-2023,chelsea,newcastle united,1,1,D,2.89,3.74,2.38,82,82,81,82,33,25.18,80,79,80,80,33,26.91,38,11,11,16,38,47,44,51.89,54.02,52.28,38,19,14,5,68,33,71,76.98,41.86,71.67
2023-05-28,2022-2023,crystal palace,nottingham forest,1,1,D,1.68,4.28,4.8,76,76,76,76,31,25.82,77,75,76,77,33,26.09,38,11,15,12,50,46,48,48.84,41.33,58.15,38,9,11,18,38,68,38,39.57,68.46,35.05
2023-05-28,2022-2023,everton,afc bournemouth,1,0,H,1.5,4.63,6.54,76,77,76,76,28,26.73,74,75,73,73,29,25.64,38,8,12,18,34,57,36,48.65,68.58,40.71,38,11,6,21,37,71,39,40.08,67.6,34.73
2023-05-28,2022-2023,leeds united,tottenham hotspur,1,4,A,2.81,3.93,2.36,75,75,76,74,30,27.0,81,84,80,79,28,26.36,38,7,10,21,48,78,31,47.8,69.58,40.58,38,18,6,14,70,63,60,57.83,51.66,57.6
2023-05-28,2022-2023,leicester city,west ham united,2,1,H,1.95,4.02,3.64,78,77,80,76,33,24.45,78,78,79,78,32,28.73,38,9,7,22,51,68,34,48.99,59.79,45.07,38,11,7,20,42,55,40,51.21,55.31,51.62
2023-05-28,2022-2023,manchester united,fulham fc,2,1,H,1.53,4.65,5.84,82,81,84,81,33,26.91,76,79,76,75,31,27.45,38,23,6,9,58,43,75,71.9,50.29,66.4,38,15,7,16,55,53,52,47.98,71.49,39.24
2023-05-28,2022-2023,southampton,liverpool,4,4,D,6.68,5.29,1.43,75,76,74,75,29,23.91,84,84,81,85,33,26.55,38,6,7,25,36,73,25,39.27,62.9,36.47,38,19,10,9,75,47,67,80.77,55.77,67.37
2023-08-11,2023-2024,burnley,manchester city,0,3,A,8.58,5.51,1.37,74,72,74,73,32,23.36,85,86,87,84,28,26.82,38,5,9,24,41,78,24,43.44,75.72,33.69,38,28,7,3,96,34,91,89.55,37.27,83.07
2023-08-12,2023-2024,arsenal,nottingham forest,2,1,H,1.18,7.86,15.67,83,83,85,82,33,24.91,76,76,76,74,29,25.0,38,28,5,5,91,29,89,84.39,31.78,81.94,38,9,9,20,49,67,36,52.16,56.25,50.17
2023-08-12,2023-2024,afc bournemouth,west ham united,1,1,D,2.7,3.47,2.71,76,79,75,74,31,25.45,79,78,80,78,30,27.27,38,13,9,16,54,67,48,63.76,65.51,53.47,38,14,10,14,60,74,52,54.53,77.91,41.28
2023-08-12,2023-2024,brighton & hove albion,luton town,4,1,H,1.33,5.65,9.61,77,75,74,77,33,24.91,73,71,73,71,32,25.36,38,12,12,14,55,62,48,61.91,60.94,54.43,38,6,8,24,52,85,26,49.87,91.65,32.33
2023-08-12,2023-2024,everton,fulham fc,0,1,A,2.27,3.45,3.35,76,77,76,76,31,28.18,77,72,77,76,31,26.55,38,13,9,16,40,51,48,60.75,60.26,53.1,38,13,8,17,55,61,47,52.81,66.9,44.99
2023-08-12,2023-2024,sheffield united,crystal palace,0,1,A,3.28,3.22,2.43,73,73,71,71,33,24.55,77,75,76,76,33,25.18,38,3,7,28,35,104,16,41.31,85.71,28.53,38,13,10,15,57,58,49,53.94,57.99,50.46
2023-08-12,2023-2024,newcastle united,aston villa,5,1,H,1.77,3.92,4.77,80,80,76,73,33,24.91,81,83,79,78,33,25.73,38,18,6,14,85,62,60,84.48,62.46,65.59,38,20,8,10,76,61,68,67.42,65.08,55.43
2023-08-13,2023-2024,brentford,tottenham hotspur,2,2,D,2.76,3.65,2.55,77,77,75,76,33,26.36,81,81,81,80,31,24.55,38,10,9,19,56,65,39,64.29,60.26,52.94,38,20,6,12,74,61,66,73.35,68.07,57.42
2023-08-13,2023-2024,chelsea,liverpool,1,1,D,2.97,3.64,2.4,79,81,79,79,33,22.0,83,84,80,83,33,26.27,38,18,9,11,77,63,63,80.88,62.6,64.2,38,24,10,4,86,41,82,94.79,47.4,76.88
2023-08-14,2023-2024,manchester united,wolverhampton wanderers,1,0,H,1.32,5.79,9.66,81,78,78,82,33,24.18,77,78,77,76,31,26.18,38,18,6,14,57,58,60,60.33,74.76,44.42,38,13,7,18,50,65,46,50.65,76.11,39.79
2023-08-18,2023-2024,nottingham forest,sheffield united,2,1,H,1.97,3.48,4.37,76,76,76,74,29,25.0,73,73,71,71,33,24.55,38,9,9,20,49,67,36,52.16,56.25,50.17,38,3,7,28,35,104,16,41.31,85.71,28.53
2023-08-19,2023-2024,fulham fc,brentford,0,3,A,2.76,3.43,2.67,77,72,77,76,31,26.55,77,77,75,76,33,26.36,38,13,8,17,55,61,47,52.81,66.9,44.99,38,10,9,19,56,65,39,64.29,60.26,52.94
2023-08-19,2023-2024,liverpool,afc bournemouth,3,1,H,1.23,7.14,11.46,83,84,80,83,33,26.27,76,79,75,74,31,25.45,38,24,10,4,86,41,82,94.79,47.4,76.88,38,13,9,16,54,67,48,63.76,65.51,53.47
2023-08-19,2023-2024,wolverhampton wanderers,brighton & hove albion,1,4,A,4.12,3.92,1.88,77,78,77,76,31,26.18,77,75,74,77,33,24.91,38,13,7,18,50,65,46,50.65,76.11,39.79,38,12,12,14,55,62,48,61.91,60.94,54.43
2023-08-19,2023-2024,tottenham hotspur,manchester united,2,0,H,2.85,3.82,2.41,81,81,81,80,31,24.55,81,78,78,82,33,24.18,38,20,6,12,74,61,66,73.35,68.07,57.42,38,18,6,14,57,58,60,60.33,74.76,44.42
2023-08-19,2023-2024,manchester city,newcastle united,1,0,H,1.73,4.1,4.8,85,86,87,84,28,26.82,80,80,76,73,33,24.91,38,28,7,3,96,34,91,89.55,37.27,83.07,38,18,6,14,85,62,60,84.48,62.46,65.59
2023-08-20,2023-2024,aston villa,everton,4,0,H,1.72,3.99,5.06,81,83,79,78,33,25.73,76,77,76,76,31,28.18,38,20,8,10,76,61,68,67.42,65.08,55.43,38,13,9,16,40,51,48,60.75,60.26,53.1
2023-08-20,2023-2024,west ham united,chelsea,3,1,H,3.68,3.57,2.1,79,78,80,78,30,27.27,79,81,79,79,33,22.0,38,14,10,14,60,74,52,54.53,77.91,41.28,38,18,9,11,77,63,63,80.88,62.6,64.2
2023-08-21,2023-2024,crystal palace,arsenal,0,1,A,5.73,4.12,1.63,77,75,76,76,33,25.18,83,83,85,82,33,24.91,38,13,10,15,57,58,49,53.94,57.99,50.46,38,28,5,5,91,29,89,84.39,31.78,81.94
2023-08-25,2023-2024,chelsea,luton town,3,0,H,1.3,6.08,10.68,79,81,79,79,33,22.0,73,71,73,71,32,25.36,38,18,9,11,77,63,63,80.88,62.6,64.2,38,6,8,24,52,85,26,49.87,91.65,32.33
2023-08-26,2023-2024,afc bournemouth,tottenham hotspur,0,2,A,3.72,4.04,1.95,76,79,75,74,31,25.45,81,81,81,80,31,24.55,38,13,9,16,54,67,48,63.76,65.51,53.47,38,20,6,12,74,61,66,73.35,68.07,57.42
2023-08-26,2023-2024,arsenal,fulham fc,2,2,D,1.24,6.07,15.25,83,83,85,82,33,24.91,77,72,77,76,31,26.55,38,28,5,5,91,29,89,84.39,31.78,81.94,38,13,8,17,55,61,47,52.81,66.9,44.99
2023-08-26,2023-2024,brentford,crystal palace,1,1,D,2.17,3.43,3.62,77,77,75,76,33,26.36,77,75,76,76,33,25.18,38,10,9,19,56,65,39,64.29,60.26,52.94,38,13,10,15,57,58,49,53.94,57.99,50.46
2023-08-26,2023-2024,everton,wolverhampton wanderers,0,1,A,2.34,3.32,3.34,76,77,76,76,31,28.18,77,78,77,76,31,26.18,38,13,9,16,40,51,48,60.75,60.26,53.1,38,13,7,18,50,65,46,50.65,76.11,39.79
2023-08-26,2023-2024,manchester united,nottingham forest,3,2,H,1.32,5.98,9.11,81,78,78,82,33,24.18,76,76,76,74,29,25.0,38,18,6,14,57,58,60,60.33,74.76,44.42,38,9,9,20,49,67,36,52.16,56.25,50.17
2023-08-26,2023-2024,brighton & hove albion,west ham united,1,3,A,1.54,4.74,5.81,77,75,74,77,33,24.91,79,78,80,78,30,27.27,38,12,12,14,55,62,48,61.91,60.94,54.43,38,14,10,14,60,74,52,54.53,77.91,41.28
2023-08-27,2023-2024,burnley,aston villa,1,3,A,3.39,3.65,2.18,74,72,74,73,32,23.36,81,83,79,78,33,25.73,38,5,9,24,41,78,24,43.44,75.72,33.69,38,20,8,10,76,61,68,67.42,65.08,55.43
2023-08-27,2023-2024,sheffield united,manchester city,1,2,A,16.72,7.73,1.18,73,73,71,71,33,24.55,85,86,87,84,28,26.82,38,3,7,28,35,104,16,41.31,85.71,28.53,38,28,7,3,96,34,91,89.55,37.27,83.07
2023-08-27,2023-2024,newcastle united,liverpool,1,2,A,2.2,3.95,3.13,80,80,76,73,33,24.91,83,84,80,83,33,26.27,38,18,6,14,85,62,60,84.48,62.46,65.59,38,24,10,4,86,41,82,94.79,47.4,76.88
2023-09-01,2023-2024,luton town,west ham united,1,2,A,4.82,4.04,1.75,73,71,73,71,32,25.36,79,78,80,78,30,27.27,38,6,8,24,52,85,26,49.87,91.65,32.33,38,14,10,14,60,74,52,54.53,77.91,41.28
2023-09-02,2023-2024,sheffield united,everton,2,2,D,3.06,3.27,2.53,73,73,71,71,33,24.55,76,77,76,76,31,28.18,38,3,7,28,35,104,16,41.31,85.71,28.53,38,13,9,16,40,51,48,60.75,60.26,53.1
2023-09-02,2023-2024,brentford,afc bournemouth,2,2,D,1.75,4.14,4.62,77,77,75,76,33,26.36,76,79,75,74,31,25.45,38,10,9,19,56,65,39,64.29,60.26,52.94,38,13,9,16,54,67,48,63.76,65.51,53.47
2023-09-02,2023-2024,burnley,tottenham hotspur,2,5,A,3.97,4.04,1.88,74,72,74,73,32,23.36,81,81,81,80,31,24.55,38,5,9,24,41,78,24,43.44,75.72,33.69,38,20,6,12,74,61,66,73.35,68.07,57.42
2023-09-02,2023-2024,chelsea,nottingham forest,0,1,A,1.39,5.1,8.62,79,81,79,79,33,22.0,76,76,76,74,29,25.0,38,18,9,11,77,63,63,80.88,62.6,64.2,38,9,9,20,49,67,36,52.16,56.25,50.17
2023-09-02,2023-2024,manchester city,fulham fc,5,1,H,1.15,8.93,18.11,85,86,87,84,28,26.82,77,72,77,76,31,26.55,38,28,7,3,96,34,91,89.55,37.27,83.07,38,13,8,17,55,61,47,52.81,66.9,44.99
2023-09-02,2023-2024,brighton & hove albion,newcastle united,3,1,H,2.59,3.94,2.58,77,75,74,77,33,24.91,80,80,76,73,33,24.91,38,12,12,14,55,62,48,61.91,60.94,54.43,38,18,6,14,85,62,60,84.48,62.46,65.59
2023-09-03,2023-2024,crystal palace,wolverhampton wanderers,3,2,H,1.97,3.5,4.25,77,75,76,76,33,25.18,77,78,77,76,31,26.18,38,13,10,15,57,58,49,53.94,57.99,50.46,38,13,7,18,50,65,46,50.65,76.11,39.79
2023-09-03,2023-2024,liverpool,aston villa,3,0,H,1.68,4.61,4.6,83,84,80,83,33,26.27,81,83,79,78,33,25.73,38,24,10,4,86,41,82,94.79,47.4,76.88,38,20,8,10,76,61,68,67.42,65.08,55.43
2023-09-03,2023-2024,arsenal,manchester united,3,1,H,1.77,4.08,4.55,83,83,85,82,33,24.91,81,78,78,82,33,24.18,38,28,5,5,91,29,89,84.39,31.78,81.94,38,18,6,14,57,58,60,60.33,74.76,44.42
2023-09-16,2023-2024,wolverhampton wanderers,liverpool,1,3,A,6.66,4.98,1.47,77,78,77,76,31,26.18,83,84,80,83,33,26.27,38,13,7,18,50,65,46,50.65,76.11,39.79,38,24,10,4,86,41,82,94.79,47.4,76.88
2023-09-16,2023-2024,aston villa,crystal palace,3,1,H,1.93,3.76,4.1,81,83,79,78,33,25.73,77,75,76,76,33,25.18,38,20,8,10,76,61,68,67.42,65.08,55.43,38,13,10,15,57,58,49,53.94,57.99,50.46
2023-09-16,2023-2024,fulham fc,luton town,1,0,H,1.68,4.03,5.31,77,72,77,76,31,26.55,73,71,73,71,32,25.36,38,13,8,17,55,61,47,52.81,66.9,44.99,38,6,8,24,52,85,26,49.87,91.65,32.33
2023-09-16,2023-2024,manchester united,brighton & hove albion,1,3,A,2.25,4.02,2.99,81,78,78,82,33,24.18,77,75,74,77,33,24.91,38,18,6,14,57,58,60,60.33,74.76,44.42,38,12,12,14,55,62,48,61.91,60.94,54.43
2023-09-16,2023-2024,tottenham hotspur,sheffield united,2,1,H,1.29,6.08,10.21,81,81,81,80,31,24.55,73,73,71,71,33,24.55,38,20,6,12,74,61,66,73.35,68.07,57.42,38,3,7,28,35,104,16,41.31,85.71,28.53
2023-09-16,2023-2024,west ham united,manchester city,1,3,A,6.58,4.7,1.5,79,78,80,78,30,27.27,85,86,87,84,28,26.82,38,14,10,14,60,74,52,54.53,77.91,41.28,38,28,7,3,96,34,91,89.55,37.27,83.07
2023-09-16,2023-2024,newcastle united,brentford,1,0,H,1.54,4.47,6.3,80,80,76,73,33,24.91,77,77,75,76,33,26.36,38,18,6,14,85,62,60,84.48,62.46,65.59,38,10,9,19,56,65,39,64.29,60.26,52.94
2023-09-17,2023-2024,afc bournemouth,chelsea,0,0,D,4.39,4.05,1.8,76,79,75,74,31,25.45,79,81,79,79,33,22.0,38,13,9,16,54,67,48,63.76,65.51,53.47,38,18,9,11,77,63,63,80.88,62.6,64.2
2023-09-17,2023-2024,everton,arsenal,0,1,A,6.3,4.54,1.53,76,77,76,76,31,28.18,83,83,85,82,33,24.91,38,13,9,16,40,51,48,60.75,60.26,53.1,38,28,5,5,91,29,89,84.39,31.78,81.94
2023-09-18,2023-2024,nottingham forest,burnley,1,1,D,2.23,3.58,3.33,76,76,76,74,29,25.0,74,72,74,73,32,23.36,38,9,9,20,49,67,36,52.16,56.25,50.17,38,5,9,24,41,78,24,43.44,75.72,33.69
2023-09-23,2023-2024,crystal palace,fulham fc,0,0,D,1.99,3.54,4.11,77,75,76,76,33,25.18,77,72,77,76,31,26.55,38,13,10,15,57,58,49,53.94,57.99,50.46,38,13,8,17,55,61,47,52.81,66.9,44.99
2023-09-23,2023-2024,luton town,wolverhampton wanderers,1,1,D,3.26,3.47,2.31,73,71,73,71,32,25.36,77,78,77,76,31,26.18,38,6,8,24,52,85,26,49.87,91.65,32.33,38,13,7,18,50,65,46,50.65,76.11,39.79
2023-09-23,2023-2024,manchester city,nottingham forest,2,0,H,1.15,9.04,17.91,85,86,87,84,28,26.82,76,76,76,74,29,25.0,38,28,7,3,96,34,91,89.55,37.27,83.07,38,9,9,20,49,67,36,52.16,56.25,50.17
2023-09-23,2023-2024,brentford,everton,1,3,A,1.81,3.8,4.67,77,77,75,76,33,26.36,76,77,76,76,31,28.18,38,10,9,19,56,65,39,64.29,60.26,52.94,38,13,9,16,40,51,48,60.75,60.26,53.1
2023-09-23,2023-2024,burnley,manchester united,0,1,A,4.28,4.31,1.77,74,72,74,73,32,23.36,81,78,78,82,33,24.18,38,5,9,24,41,78,24,43.44,75.72,33.69,38,18,6,14,57,58,60,60.33,74.76,44.42
2023-09-24,2023-2024,arsenal,tottenham hotspur,2,2,D,1.68,4.45,4.69,83,83,85,82,33,24.91,81,81,81,80,31,24.55,38,28,5,5,91,29,89,84.39,31.78,81.94,38,20,6,12,74,61,66,73.35,68.07,57.42
2023-09-24,2023-2024,brighton & hove albion,afc bournemouth,3,1,H,1.41,5.08,7.9,77,75,74,77,33,24.91,76,79,75,74,31,25.45,38,12,12,14,55,62,48,61.91,60.94,54.43,38,13,9,16,54,67,48,63.76,65.51,53.47
2023-09-24,2023-2024,chelsea,aston villa,0,1,A,1.93,3.9,3.93,79,81,79,79,33,22.0,81,83,79,78,33,25.73,38,18,9,11,77,63,63,80.88,62.6,64.2,38,20,8,10,76,61,68,67.42,65.08,55.43
2023-09-24,2023-2024,liverpool,west ham united,3,1,H,1.4,5.67,7.21,83,84,80,83,33,26.27,79,78,80,78,30,27.27,38,24,10,4,86,41,82,94.79,47.4,76.88,38,14,10,14,60,74,52,54.53,77.91,41.28
2023-09-24,2023-2024,sheffield united,newcastle united,0,8,A,7.05,4.98,1.45,73,73,71,71,33,24.55,80,80,76,73,33,24.91,38,3,7,28,35,104,16,41.31,85.71,28.53,38,18,6,14,85,62,60,84.48,62.46,65.59
2023-09-30,2023-2024,aston villa,brighton & hove albion,6,1,H,2.58,3.96,2.58,81,83,79,78,33,25.73,77,75,74,77,33,24.91,38,20,8,10,76,61,68,67.42,65.08,55.43,38,12,12,14,55,62,48,61.91,60.94,54.43
2023-09-30,2023-2024,afc bournemouth,arsenal,0,4,A,5.59,4.77,1.56,76,79,75,74,31,25.45,83,83,85,82,33,24.91,38,13,9,16,54,67,48,63.76,65.51,53.47,38,28,5,5,91,29,89,84.39,31.78,81.94
2023-09-30,2023-2024,everton,luton town,1,2,A,1.62,3.94,6.24,76,77,76,76,31,28.18,73,71,73,71,32,25.36,38,13,9,16,40,51,48,60.75,60.26,53.1,38,6,8,24,52,85,26,49.87,91.65,32.33
2023-09-30,2023-2024,manchester united,crystal palace,0,1,A,1.57,4.36,5.96,81,78,78,82,33,24.18,77,75,76,76,33,25.18,38,18,6,14,57,58,60,60.33,74.76,44.42,38,13,10,15,57,58,49,53.94,57.99,50.46
2023-09-30,2023-2024,newcastle united,burnley,2,0,H,1.34,5.67,9.15,80,80,76,73,33,24.91,74,72,74,73,32,23.36,38,18,6,14,85,62,60,84.48,62.46,65.59,38,5,9,24,41,78,24,43.44,75.72,33.69
2023-09-30,2023-2024,west ham united,sheffield united,2,0,H,1.44,4.94,7.44,79,78,80,78,30,27.27,73,73,71,71,33,24.55,38,14,10,14,60,74,52,54.53,77.91,41.28,38,3,7,28,35,104,16,41.31,85.71,28.53
2023-09-30,2023-2024,wolverhampton wanderers,manchester city,2,1,H,9.61,5.75,1.33,77,78,77,76,31,26.18,85,86,87,84,28,26.82,38,13,7,18,50,65,46,50.65,76.11,39.79,38,28,7,3,96,34,91,89.55,37.27,83.07
2023-09-30,2023-2024,tottenham hotspur,liverpool,2,1,H,2.98,4.12,2.23,81,81,81,80,31,24.55,83,84,80,83,33,26.27,38,20,6,12,74,61,66,73.35,68.07,57.42,38,24,10,4,86,41,82,94.79,47.4,76.88
2023-10-01,2023-2024,nottingham forest,brentford,1,1,D,2.84,3.29,2.69,76,76,76,74,29,25.0,77,77,75,76,33,26.36,38,9,9,20,49,67,36,52.16,56.25,50.17,38,10,9,19,56,65,39,64.29,60.26,52.94
2023-10-02,2023-2024,fulham fc,chelsea,0,2,A,3.93,3.45,2.06,77,72,77,76,31,26.55,79,81,79,79,33,22.0,38,13,8,17,55,61,47,52.81,66.9,44.99,38,18,9,11,77,63,63,80.88,62.6,64.2
2023-10-03,2023-2024,luton town,burnley,1,2,A,2.94,3.23,2.65,73,71,73,71,32,25.36,74,72,74,73,32,23.36,38,6,8,24,52,85,26,49.87,91.65,32.33,38,5,9,24,41,78,24,43.44,75.72,33.69
2023-10-07,2023-2024,luton town,tottenham hotspur,0,1,A,6.91,4.98,1.46,73,71,73,71,32,25.36,81,81,81,80,31,24.55,38,6,8,24,52,85,26,49.87,91.65,32.33,38,20,6,12,74,61,66,73.35,68.07,57.42
2023-10-07,2023-2024,burnley,chelsea,1,4,A,4.58,3.98,1.78,74,72,74,73,32,23.36,79,81,79,79,33,22.0,38,5,9,24,41,78,24,43.44,75.72,33.69,38,18,9,11,77,63,63,80.88,62.6,64.2
2023-10-07,2023-2024,everton,afc bournemouth,3,0,H,1.99,3.71,3.88,76,77,76,76,31,28.18,76,79,75,74,31,25.45,38,13,9,16,40,51,48,60.75,60.26,53.1,38,13,9,16,54,67,48,63.76,65.51,53.47
2023-10-07,2023-2024,fulham fc,sheffield united,3,1,H,1.64,4.0,5.9,77,72,77,76,31,26.55,73,73,71,71,33,24.55,38,13,8,17,55,61,47,52.81,66.9,44.99,38,3,7,28,35,104,16,41.31,85.71,28.53
2023-10-07,2023-2024,manchester united,brentford,2,1,H,1.7,4.23,4.87,81,78,78,82,33,24.18,77,77,75,76,33,26.36,38,18,6,14,57,58,60,60.33,74.76,44.42,38,10,9,19,56,65,39,64.29,60.26,52.94
2023-10-07,2023-2024,crystal palace,nottingham forest,0,0,D,2.26,3.3,3.54,77,75,76,76,33,25.18,76,76,76,74,29,25.0,38,13,10,15,57,58,49,53.94,57.99,50.46,38,9,9,20,49,67,36,52.16,56.25,50.17
2023-10-08,2023-2024,brighton & hove albion,liverpool,2,2,D,3.14,4.02,2.17,77,75,74,77,33,24.91,83,84,80,83,33,26.27,38,12,12,14,55,62,48,61.91,60.94,54.43,38,24,10,4,86,41,82,94.79,47.4,76.88
2023-10-08,2023-2024,west ham united,newcastle united,2,2,D,3.41,3.79,2.12,79,78,80,78,30,27.27,80,80,76,73,33,24.91,38,14,10,14,60,74,52,54.53,77.91,41.28,38,18,6,14,85,62,60,84.48,62.46,65.59
2023-10-08,2023-2024,wolverhampton wanderers,aston villa,1,1,D,3.39,3.64,2.18,77,78,77,76,31,26.18,81,83,79,78,33,25.73,38,13,7,18,50,65,46,50.65,76.11,39.79,38,20,8,10,76,61,68,67.42,65.08,55.43
2023-10-08,2023-2024,arsenal,manchester city,1,0,H,2.99,3.49,2.46,83,83,85,82,33,24.91,85,86,87,84,28,26.82,38,28,5,5,91,29,89,84.39,31.78,81.94,38,28,7,3,96,34,91,89.55,37.27,83.07
2023-10-21,2023-2024,liverpool,everton,2,0,H,1.37,5.77,7.65,83,84,80,83,33,26.27,76,77,76,76,31,28.18,38,24,10,4,86,41,82,94.79,47.4,76.88,38,13,9,16,40,51,48,60.75,60.26,53.1
2023-10-21,2023-2024,afc bournemouth,wolverhampton wanderers,1,2,A,2.45,3.49,3.01,76,79,75,74,31,25.45,77,78,77,76,31,26.18,38,13,9,16,54,67,48,63.76,65.51,53.47,38,13,7,18,50,65,46,50.65,76.11,39.79
2023-10-21,2023-2024,brentford,burnley,3,0,H,1.87,3.77,4.37,77,77,75,76,33,26.36,74,72,74,73,32,23.36,38,10,9,19,56,65,39,64.29,60.26,52.94,38,5,9,24,41,78,24,43.44,75.72,33.69
2023-10-21,2023-2024,manchester city,brighton & hove albion,2,1,H,1.42,5.45,6.93,85,86,87,84,28,26.82,77,75,74,77,33,24.91,38,28,7,3,96,34,91,89.55,37.27,83.07,38,12,12,14,55,62,48,61.91,60.94,54.43
2023-10-21,2023-2024,newcastle united,crystal palace,4,0,H,1.46,4.63,7.7,80,80,76,73,33,24.91,77,75,76,76,33,25.18,38,18,6,14,85,62,60,84.48,62.46,65.59,38,13,10,15,57,58,49,53.94,57.99,50.46
2023-10-21,2023-2024,nottingham forest,luton town,2,2,D,1.7,3.89,5.43,76,76,76,74,29,25.0,73,71,73,71,32,25.36,38,9,9,20,49,67,36,52.16,56.25,50.17,38,6,8,24,52,85,26,49.87,91.65,32.33
2023-10-21,2023-2024,chelsea,arsenal,2,2,D,3.33,3.5,2.26,79,81,79,79,33,22.0,83,83,85,82,33,24.91,38,18,9,11,77,63,63,80.88,62.6,64.2,38,28,5,5,91,29,89,84.39,31.78,81.94
2023-10-21,2023-2024,sheffield united,manchester united,1,2,A,7.57,5.24,1.41,73,73,71,71,33,24.55,81,78,78,82,33,24.18,38,3,7,28,35,104,16,41.31,85.71,28.53,38,18,6,14,57,58,60,60.33,74.76,44.42
2023-10-22,2023-2024,aston villa,west ham united,4,1,H,1.9,3.93,4.01,81,83,79,78,33,25.73,79,78,80,78,30,27.27,38,20,8,10,76,61,68,67.42,65.08,55.43,38,14,10,14,60,74,52,54.53,77.91,41.28
2023-10-23,2023-2024,tottenham hotspur,fulham fc,2,0,H,1.51,4.85,6.06,81,81,81,80,31,24.55,77,72,77,76,31,26.55,38,20,6,12,74,61,66,73.35,68.07,57.42,38,13,8,17,55,61,47,52.81,66.9,44.99
2023-10-27,2023-2024,crystal palace,tottenham hotspur,1,2,A,4.7,3.84,1.79,77,75,76,76,33,25.18,81,81,81,80,31,24.55,38,13,10,15,57,58,49,53.94,57.99,50.46,38,20,6,12,74,61,66,73.35,68.07,57.42
2023-10-28,2023-2024,chelsea,brentford,0,2,A,1.66,4.15,5.32,79,81,79,79,33,22.0,77,77,75,76,33,26.36,38,18,9,11,77,63,63,80.88,62.6,64.2,38,10,9,19,56,65,39,64.29,60.26,52.94
2023-10-28,2023-2024,arsenal,sheffield united,5,0,H,1.13,10.16,21.31,83,83,85,82,33,24.91,73,73,71,71,33,24.55,38,28,5,5,91,29,89,84.39,31.78,81.94,38,3,7,28,35,104,16,41.31,85.71,28.53
2023-10-28,2023-2024,afc bournemouth,burnley,2,1,H,2.1,3.76,3.49,76,79,75,74,31,25.45,74,72,74,73,32,23.36,38,13,9,16,54,67,48,63.76,65.51,53.47,38,5,9,24,41,78,24,43.44,75.72,33.69
2023-10-28,2023-2024,wolverhampton wanderers,newcastle united,2,2,D,4.22,3.99,1.84,77,78,77,76,31,26.18,80,80,76,73,33,24.91,38,13,7,18,50,65,46,50.65,76.11,39.79,38,18,6,14,85,62,60,84.48,62.46,65.59
2023-10-29,2023-2024,west ham united,everton,0,1,A,2.18,3.62,3.41,79,78,80,78,30,27.27,76,77,76,76,31,28.18,38,14,10,14,60,74,52,54.53,77.91,41.28,38,13,9,16,40,51,48,60.75,60.26,53.1
2023-10-29,2023-2024,aston villa,luton town,3,1,H,1.28,6.23,10.8,81,83,79,78,33,25.73,73,71,73,71,32,25.36,38,20,8,10,76,61,68,67.42,65.08,55.43,38,6,8,24,52,85,26,49.87,91.65,32.33
2023-10-29,2023-2024,brighton & hove albion,fulham fc,1,1,D,1.59,4.65,5.36,77,75,74,77,33,24.91,77,72,77,76,31,26.55,38,12,12,14,55,62,48,61.91,60.94,54.43,38,13,8,17,55,61,47,52.81,66.9,44.99
2023-10-29,2023-2024,liverpool,nottingham forest,3,0,H,1.27,6.51,10.09,83,84,80,83,33,26.27,76,76,76,74,29,25.0,38,24,10,4,86,41,82,94.79,47.4,76.88,38,9,9,20,49,67,36,52.16,56.25,50.17
2023-10-29,2023-2024,manchester united,manchester city,0,3,A,5.16,4.07,1.69,81,78,78,82,33,24.18,85,86,87,84,28,26.82,38,18,6,14,57,58,60,60.33,74.76,44.42,38,28,7,3,96,34,91,89.55,37.27,83.07
2023-11-04,2023-2024,fulham fc,manchester united,0,1,A,3.22,3.68,2.22,77,72,77,76,31,26.55,81,78,78,82,33,24.18,38,13,8,17,55,61,47,52.81,66.9,44.99,38,18,6,14,57,58,60,60.33,74.76,44.42
2023-11-04,2023-2024,brentford,west ham united,3,2,H,2.07,3.74,3.52,77,77,75,76,33,26.36,79,78,80,78,30,27.27,38,10,9,19,56,65,39,64.29,60.26,52.94,38,14,10,14,60,74,52,54.53,77.91,41.28
2023-11-04,2023-2024,burnley,crystal palace,0,2,A,2.89,3.24,2.65,74,72,74,73,32,23.36,77,75,76,76,33,25.18,38,5,9,24,41,78,24,43.44,75.72,33.69,38,13,10,15,57,58,49,53.94,57.99,50.46
2023-11-04,2023-2024,everton,brighton & hove albion,1,1,D,3.1,3.87,2.21,76,77,76,76,31,28.18,77,75,74,77,33,24.91,38,13,9,16,40,51,48,60.75,60.26,53.1,38,12,12,14,55,62,48,61.91,60.94,54.43
2023-11-04,2023-2024,manchester city,afc bournemouth,6,1,H,1.08,12.84,29.22,85,86,87,84,28,26.82,76,79,75,74,31,25.45,38,28,7,3,96,34,91,89.55,37.27,83.07,38,13,9,16,54,67,48,63.76,65.51,53.47
2023-11-04,2023-2024,sheffield united,wolverhampton wanderers,2,1,H,3.91,3.68,1.97,73,73,71,71,33,24.55,77,78,77,76,31,26.18,38,3,7,28,35,104,16,41.31,85.71,28.53,38,13,7,18,50,65,46,50.65,76.11,39.79
2023-11-04,2023-2024,newcastle united,arsenal,1,0,H,2.83,3.41,2.59,80,80,76,73,33,24.91,83,83,85,82,33,24.91,38,18,6,14,85,62,60,84.48,62.46,65.59,38,28,5,5,91,29,89,84.39,31.78,81.94
2023-11-05,2023-2024,nottingham forest,aston villa,2,0,H,4.17,3.76,1.89,76,76,76,74,29,25.0,81,83,79,78,33,25.73,38,9,9,20,49,67,36,52.16,56.25,50.17,38,20,8,10,76,61,68,67.42,65.08,55.43
2023-11-05,2023-2024,luton town,liverpool,1,1,D,11.23,6.76,1.24,73,71,73,71,32,25.36,83,84,80,83,33,26.27,38,6,8,24,52,85,26,49.87,91.65,32.33,38,24,10,4,86,41,82,94.79,47.4,76.88
2023-11-06,2023-2024,tottenham hotspur,chelsea,1,4,A,2.14,3.73,3.34,81,81,81,80,31,24.55,79,81,79,79,33,22.0,38,20,6,12,74,61,66,73.35,68.07,57.42,38,18,9,11,77,63,63,80.88,62.6,64.2
2023-11-11,2023-2024,wolverhampton wanderers,tottenham hotspur,2,1,H,3.11,3.78,2.23,77,78,77,76,31,26.18,81,81,81,80,31,24.55,38,13,7,18,50,65,46,50.65,76.11,39.79,38,20,6,12,74,61,66,73.35,68.07,57.42
2023-11-11,2023-2024,arsenal,burnley,3,1,H,1.19,7.47,14.74,83,83,85,82,33,24.91,74,72,74,73,32,23.36,38,28,5,5,91,29,89,84.39,31.78,81.94,38,5,9,24,41,78,24,43.44,75.72,33.69
2023-11-11,2023-2024,crystal palace,everton,2,3,A,2.45,3.2,3.19,77,75,76,76,33,25.18,76,77,76,76,31,28.18,38,13,10,15,57,58,49,53.94,57.99,50.46,38,13,9,16,40,51,48,60.75,60.26,53.1
2023-11-11,2023-2024,manchester united,luton town,1,0,H,1.31,5.86,9.36,81,78,78,82,33,24.18,73,71,73,71,32,25.36,38,18,6,14,57,58,60,60.33,74.76,44.42,38,6,8,24,52,85,26,49.87,91.65,32.33
2023-11-11,2023-2024,afc bournemouth,newcastle united,2,0,H,4.52,4.06,1.76,76,79,75,74,31,25.45,80,80,76,73,33,24.91,38,13,9,16,54,67,48,63.76,65.51,53.47,38,18,6,14,85,62,60,84.48,62.46,65.59
2023-11-12,2023-2024,aston villa,fulham fc,3,1,H,1.6,4.27,5.67,81,83,79,78,33,25.73,77,72,77,76,31,26.55,38,20,8,10,76,61,68,67.42,65.08,55.43,38,13,8,17,55,61,47,52.81,66.9,44.99
2023-11-12,2023-2024,brighton & hove albion,sheffield united,1,1,D,1.24,6.8,11.28,77,75,74,77,33,24.91,73,73,71,71,33,24.55,38,12,12,14,55,62,48,61.91,60.94,54.43,38,3,7,28,35,104,16,41.31,85.71,28.53
2023-11-12,2023-2024,liverpool,brentford,3,0,H,1.41,5.26,7.17,83,84,80,83,33,26.27,77,77,75,76,33,26.36,38,24,10,4,86,41,82,94.79,47.4,76.88,38,10,9,19,56,65,39,64.29,60.26,52.94
2023-11-12,2023-2024,west ham united,nottingham forest,3,2,H,1.89,3.79,4.1,79,78,80,78,30,27.27,76,76,76,74,29,25.0,38,14,10,14,60,74,52,54.53,77.91,41.28,38,9,9,20,49,67,36,52.16,56.25,50.17
2023-11-12,2023-2024,chelsea,manchester city,4,4,D,4.92,3.8,1.75,79,81,79,79,33,22.0,85,86,87,84,28,26.82,38,18,9,11,77,63,63,80.88,62.6,64.2,38,28,7,3,96,34,91,89.55,37.27,83.07
2023-11-25,2023-2024,manchester city,liverpool,1,1,D,1.75,4.37,4.24,85,86,87,84,28,26.82,83,84,80,83,33,26.27,38,28,7,3,96,34,91,89.55,37.27,83.07,38,24,10,4,86,41,82,94.79,47.4,76.88
2023-11-25,2023-2024,burnley,west ham united,1,2,A,3.58,3.54,2.12,74,72,74,73,32,23.36,79,78,80,78,30,27.27,38,5,9,24,41,78,24,43.44,75.72,33.69,38,14,10,14,60,74,52,54.53,77.91,41.28
2023-11-25,2023-2024,luton town,crystal palace,2,1,H,3.7,3.41,2.13,73,71,73,71,32,25.36,77,75,76,76,33,25.18,38,6,8,24,52,85,26,49.87,91.65,32.33,38,13,10,15,57,58,49,53.94,57.99,50.46
2023-11-25,2023-2024,newcastle united,chelsea,4,1,H,2.65,3.46,2.73,80,80,76,73,33,24.91,79,81,79,79,33,22.0,38,18,6,14,85,62,60,84.48,62.46,65.59,38,18,9,11,77,63,63,80.88,62.6,64.2
2023-11-25,2023-2024,nottingham forest,brighton & hove albion,2,3,A,3.32,3.63,2.19,76,76,76,74,29,25.0,77,75,74,77,33,24.91,38,9,9,20,49,67,36,52.16,56.25,50.17,38,12,12,14,55,62,48,61.91,60.94,54.43
2023-11-25,2023-2024,sheffield united,afc bournemouth,1,3,A,3.36,3.54,2.2,73,73,71,71,33,24.55,76,79,75,74,31,25.45,38,3,7,28,35,104,16,41.31,85.71,28.53,38,13,9,16,54,67,48,63.76,65.51,53.47
2023-11-25,2023-2024,brentford,arsenal,0,1,A,4.74,3.82,1.78,77,77,75,76,33,26.36,83,83,85,82,33,24.91,38,10,9,19,56,65,39,64.29,60.26,52.94,38,28,5,5,91,29,89,84.39,31.78,81.94
2023-11-26,2023-2024,tottenham hotspur,aston villa,1,2,A,2.36,3.93,2.82,81,81,81,80,31,24.55,81,83,79,78,33,25.73,38,20,6,12,74,61,66,73.35,68.07,57.42,38,20,8,10,76,61,68,67.42,65.08,55.43
2023-11-26,2023-2024,everton,manchester united,0,3,A,2.75,3.51,2.6,76,77,76,76,31,28.18,81,78,78,82,33,24.18,38,13,9,16,40,51,48,60.75,60.26,53.1,38,18,6,14,57,58,60,60.33,74.76,44.42
2023-11-27,2023-2024,fulham fc,wolverhampton wanderers,3,2,H,2.45,3.37,3.05,77,72,77,76,31,26.55,77,78,77,76,31,26.18,38,13,8,17,55,61,47,52.81,66.9,44.99,38,13,7,18,50,65,46,50.65,76.11,39.79
2023-12-02,2023-2024,arsenal,wolverhampton wanderers,2,1,H,1.29,5.9,10.82,83,83,85,82,33,24.91,77,78,77,76,31,26.18,38,28,5,5,91,29,89,84.39,31.78,81.94,38,13,7,18,50,65,46,50.65,76.11,39.79
2023-12-02,2023-2024,brentford,luton town,3,1,H,1.45,4.83,7.07,77,77,75,76,33,26.36,73,71,73,71,32,25.36,38,10,9,19,56,65,39,64.29,60.26,52.94,38,6,8,24,52,85,26,49.87,91.65,32.33
2023-12-02,2023-2024,burnley,sheffield united,5,0,H,1.83,3.63,4.65,74,72,74,73,32,23.36,73,73,71,71,33,24.55,38,5,9,24,41,78,24,43.44,75.72,33.69,38,3,7,28,35,104,16,41.31,85.71,28.53
2023-12-02,2023-2024,nottingham forest,everton,0,1,A,2.85,3.31,2.64,76,76,76,74,29,25.0,76,77,76,76,31,28.18,38,9,9,20,49,67,36,52.16,56.25,50.17,38,13,9,16,40,51,48,60.75,60.26,53.1
2023-12-02,2023-2024,newcastle united,manchester united,1,0,H,1.9,3.87,4.0,80,80,76,73,33,24.91,81,78,78,82,33,24.18,38,18,6,14,85,62,60,84.48,62.46,65.59,38,18,6,14,57,58,60,60.33,74.76,44.42
2023-12-03,2023-2024,afc bournemouth,aston villa,2,2,D,3.56,4.07,1.97,76,79,75,74,31,25.45,81,83,79,78,33,25.73,38,13,9,16,54,67,48,63.76,65.51,53.47,38,20,8,10,76,61,68,67.42,65.08,55.43
2023-12-03,2023-2024,chelsea,brighton & hove albion,3,2,H,1.75,4.21,4.4,79,81,79,79,33,22.0,77,75,74,77,33,24.91,38,18,9,11,77,63,63,80.88,62.6,64.2,38,12,12,14,55,62,48,61.91,60.94,54.43
2023-12-03,2023-2024,liverpool,fulham fc,4,3,H,1.25,6.76,10.35,83,84,80,83,33,26.27,77,72,77,76,31,26.55,38,24,10,4,86,41,82,94.79,47.4,76.88,38,13,8,17,55,61,47,52.81,66.9,44.99
2023-12-03,2023-2024,west ham united,crystal palace,1,1,D,2.01,3.56,3.92,79,78,80,78,30,27.27,77,75,76,76,33,25.18,38,14,10,14,60,74,52,54.53,77.91,41.28,38,13,10,15,57,58,49,53.94,57.99,50.46
2023-12-03,2023-2024,manchester city,tottenham hotspur,3,3,D,1.27,6.42,9.75,85,86,87,84,28,26.82,81,81,81,80,31,24.55,38,28,7,3,96,34,91,89.55,37.27,83.07,38,20,6,12,74,61,66,73.35,68.07,57.42
2023-12-05,2023-2024,wolverhampton wanderers,burnley,1,0,H,1.92,3.6,4.35,77,78,77,76,31,26.18,74,72,74,73,32,23.36,38,13,7,18,50,65,46,50.65,76.11,39.79,38,5,9,24,41,78,24,43.44,75.72,33.69
2023-12-05,2023-2024,luton town,arsenal,3,4,A,14.73,6.77,1.22,73,71,73,71,32,25.36,83,83,85,82,33,24.91,38,6,8,24,52,85,26,49.87,91.65,32.33,38,28,5,5,91,29,89,84.39,31.78,81.94
2023-12-06,2023-2024,brighton & hove albion,brentford,2,1,H,1.94,3.89,3.79,77,75,74,77,33,24.91,77,77,75,76,33,26.36,38,12,12,14,55,62,48,61.91,60.94,54.43,38,10,9,19,56,65,39,64.29,60.26,52.94
2023-12-06,2023-2024,crystal palace,afc bournemouth,0,2,A,2.3,3.45,3.23,77,75,76,76,33,25.18,76,79,75,74,31,25.45,38,13,10,15,57,58,49,53.94,57.99,50.46,38,13,9,16,54,67,48,63.76,65.51,53.47
2023-12-06,2023-2024,fulham fc,nottingham forest,5,0,H,2.06,3.5,3.81,77,72,77,76,31,26.55,76,76,76,74,29,25.0,38,13,8,17,55,61,47,52.81,66.9,44.99,38,9,9,20,49,67,36,52.16,56.25,50.17
2023-12-06,2023-2024,sheffield united,liverpool,0,2,A,14.14,7.68,1.19,73,73,71,71,33,24.55,83,84,80,83,33,26.27,38,3,7,28,35,104,16,41.31,85.71,28.53,38,24,10,4,86,41,82,94.79,47.4,76.88
2023-12-06,2023-2024,aston villa,manchester city,1,0,H,4.35,4.29,1.75,81,83,79,78,33,25.73,85,86,87,84,28,26.82,38,20,8,10,76,61,68,67.42,65.08,55.43,38,28,7,3,96,34,91,89.55,37.27,83.07
2023-12-06,2023-2024,manchester united,chelsea,2,1,H,2.88,3.67,2.42,81,78,78,82,33,24.18,79,81,79,79,33,22.0,38,18,6,14,57,58,60,60.33,74.76,44.42,38,18,9,11,77,63,63,80.88,62.6,64.2
2023-12-07,2023-2024,everton,newcastle united,3,0,H,3.17,3.41,2.36,76,77,76,76,31,28.18,80,80,76,73,33,24.91,38,13,9,16,40,51,48,60.75,60.26,53.1,38,18,6,14,85,62,60,84.48,62.46,65.59
2023-12-07,2023-2024,tottenham hotspur,west ham united,1,2,A,1.8,4.31,4.04,81,81,81,80,31,24.55,79,78,80,78,30,27.27,38,20,6,12,74,61,66,73.35,68.07,57.42,38,14,10,14,60,74,52,54.53,77.91,41.28
2023-12-09,2023-2024,crystal palace,liverpool,1,2,A,6.3,4.59,1.51,77,75,76,76,33,25.18,83,84,80,83,33,26.27,38,13,10,15,57,58,49,53.94,57.99,50.46,38,24,10,4,86,41,82,94.79,47.4,76.88
2023-12-09,2023-2024,brighton & hove albion,burnley,1,1,D,1.5,4.69,6.31,77,75,74,77,33,24.91,74,72,74,73,32,23.36,38,12,12,14,55,62,48,61.91,60.94,54.43,38,5,9,24,41,78,24,43.44,75.72,33.69
2023-12-09,2023-2024,manchester united,afc bournemouth,0,3,A,1.55,4.7,5.52,81,78,78,82,33,24.18,76,79,75,74,31,25.45,38,18,6,14,57,58,60,60.33,74.76,44.42,38,13,9,16,54,67,48,63.76,65.51,53.47
2023-12-09,2023-2024,sheffield united,brentford,1,0,H,4.47,3.84,1.81,73,73,71,71,33,24.55,77,77,75,76,33,26.36,38,3,7,28,35,104,16,41.31,85.71,28.53,38,10,9,19,56,65,39,64.29,60.26,52.94
2023-12-09,2023-2024,wolverhampton wanderers,nottingham forest,1,1,D,1.89,3.56,4.44,77,78,77,76,31,26.18,76,76,76,74,29,25.0,38,13,7,18,50,65,46,50.65,76.11,39.79,38,9,9,20,49,67,36,52.16,56.25,50.17
2023-12-09,2023-2024,aston villa,arsenal,1,0,H,3.43,3.69,2.12,81,83,79,78,33,25.73,83,83,85,82,33,24.91,38,20,8,10,76,61,68,67.42,65.08,55.43,38,28,5,5,91,29,89,84.39,31.78,81.94
2023-12-10,2023-2024,everton,chelsea,2,0,H,3.03,3.59,2.36,76,77,76,76,31,28.18,79,81,79,79,33,22.0,38,13,9,16,40,51,48,60.75,60.26,53.1,38,18,9,11,77,63,63,80.88,62.6,64.2
2023-12-10,2023-2024,fulham fc,west ham united,5,0,H,2.44,3.4,3.03,77,72,77,76,31,26.55,79,78,80,78,30,27.27,38,13,8,17,55,61,47,52.81,66.9,44.99,38,14,10,14,60,74,52,54.53,77.91,41.28
2023-12-10,2023-2024,luton town,manchester city,1,2,A,18.31,10.09,1.13,73,71,73,71,32,25.36,85,86,87,84,28,26.82,38,6,8,24,52,85,26,49.87,91.65,32.33,38,28,7,3,96,34,91,89.55,37.27,83.07
2023-12-10,2023-2024,tottenham hotspur,newcastle united,4,1,H,2.23,3.84,3.08,81,81,81,80,31,24.55,80,80,76,73,33,24.91,38,20,6,12,74,61,66,73.35,68.07,57.42,38,18,6,14,85,62,60,84.48,62.46,65.59
2023-12-15,2023-2024,nottingham forest,tottenham hotspur,0,2,A,4.51,4.14,1.76,76,76,76,74,29,25.0,81,81,81,80,31,24.55,38,9,9,20,49,67,36,52.16,56.25,50.17,38,20,6,12,74,61,66,73.35,68.07,57.42
2023-12-16,2023-2024,chelsea,sheffield united,2,0,H,1.24,6.69,11.68,79,81,79,79,33,22.0,73,73,71,71,33,24.55,38,18,9,11,77,63,63,80.88,62.6,64.2,38,3,7,28,35,104,16,41.31,85.71,28.53
2023-12-16,2023-2024,manchester city,crystal palace,2,2,D,1.17,7.98,15.35,85,86,87,84,28,26.82,77,75,76,76,33,25.18,38,28,7,3,96,34,91,89.55,37.27,83.07,38,13,10,15,57,58,49,53.94,57.99,50.46
2023-12-16,2023-2024,newcastle united,fulham fc,3,0,H,1.87,3.94,4.04,80,80,76,73,33,24.91,77,72,77,76,31,26.55,38,18,6,14,85,62,60,84.48,62.46,65.59,38,13,8,17,55,61,47,52.81,66.9,44.99
2023-12-16,2023-2024,burnley,everton,0,2,A,3.66,3.44,2.13,74,72,74,73,32,23.36,76,77,76,76,31,28.18,38,5,9,24,41,78,24,43.44,75.72,33.69,38,13,9,16,40,51,48,60.75,60.26,53.1
2023-12-17,2023-2024,arsenal,brighton & hove albion,2,0,H,1.48,4.76,6.67,83,83,85,82,33,24.91,77,75,74,77,33,24.91,38,28,5,5,91,29,89,84.39,31.78,81.94,38,12,12,14,55,62,48,61.91,60.94,54.43
2023-12-17,2023-2024,brentford,aston villa,1,2,A,3.24,3.73,2.19,77,77,75,76,33,26.36,81,83,79,78,33,25.73,38,10,9,19,56,65,39,64.29,60.26,52.94,38,20,8,10,76,61,68,67.42,65.08,55.43
2023-12-17,2023-2024,west ham united,wolverhampton wanderers,3,0,H,2.12,3.62,3.5,79,78,80,78,30,27.27,77,78,77,76,31,26.18,38,14,10,14,60,74,52,54.53,77.91,41.28,38,13,7,18,50,65,46,50.65,76.11,39.79
2023-12-17,2023-2024,liverpool,manchester united,0,0,D,1.32,5.99,8.37,83,84,80,83,33,26.27,81,78,78,82,33,24.18,38,24,10,4,86,41,82,94.79,47.4,76.88,38,18,6,14,57,58,60,60.33,74.76,44.42
2023-12-21,2023-2024,crystal palace,brighton & hove albion,1,1,D,3.4,3.47,2.22,77,75,76,76,33,25.18,77,75,74,77,33,24.91,38,13,10,15,57,58,49,53.94,57.99,50.46,38,12,12,14,55,62,48,61.91,60.94,54.43
2023-12-22,2023-2024,aston villa,sheffield united,1,1,D,1.24,6.98,11.3,81,83,79,78,33,25.73,73,73,71,71,33,24.55,38,20,8,10,76,61,68,67.42,65.08,55.43,38,3,7,28,35,104,16,41.31,85.71,28.53
2023-12-23,2023-2024,west ham united,manchester united,2,0,H,2.65,3.65,2.62,79,78,80,78,30,27.27,81,78,78,82,33,24.18,38,14,10,14,60,74,52,54.53,77.91,41.28,38,18,6,14,57,58,60,60.33,74.76,44.42
2023-12-23,2023-2024,fulham fc,burnley,0,2,A,1.7,3.96,5.12,77,72,77,76,31,26.55,74,72,74,73,32,23.36,38,13,8,17,55,61,47,52.81,66.9,44.99,38,5,9,24,41,78,24,43.44,75.72,33.69
2023-12-23,2023-2024,luton town,newcastle united,1,0,H,4.91,4.36,1.65,73,71,73,71,32,25.36,80,80,76,73,33,24.91,38,6,8,24,52,85,26,49.87,91.65,32.33,38,18,6,14,85,62,60,84.48,62.46,65.59
2023-12-23,2023-2024,nottingham forest,afc bournemouth,2,3,A,2.74,3.52,2.61,76,76,76,74,29,25.0,76,79,75,74,31,25.45,38,9,9,20,49,67,36,52.16,56.25,50.17,38,13,9,16,54,67,48,63.76,65.51,53.47
2023-12-23,2023-2024,tottenham hotspur,everton,2,1,H,1.8,4.29,4.05,81,81,81,80,31,24.55,76,77,76,76,31,28.18,38,20,6,12,74,61,66,73.35,68.07,57.42,38,13,9,16,40,51,48,60.75,60.26,53.1
2023-12-23,2023-2024,liverpool,arsenal,1,1,D,2.47,3.63,2.84,83,84,80,83,33,26.27,83,83,85,82,33,24.91,38,24,10,4,86,41,82,94.79,47.4,76.88,38,28,5,5,91,29,89,84.39,31.78,81.94
2023-12-24,2023-2024,wolverhampton wanderers,chelsea,2,1,H,3.77,3.76,1.99,77,78,77,76,31,26.18,79,81,79,79,33,22.0,38,13,7,18,50,65,46,50.65,76.11,39.79,38,18,9,11,77,63,63,80.88,62.6,64.2
2023-12-26,2023-2024,newcastle united,nottingham forest,1,3,A,1.51,4.42,6.64,80,80,76,73,33,24.91,76,76,76,74,29,25.0,38,18,6,14,85,62,60,84.48,62.46,65.59,38,9,9,20,49,67,36,52.16,56.25,50.17
2023-12-26,2023-2024,afc bournemouth,fulham fc,3,0,H,2.22,3.69,3.2,76,79,75,74,31,25.45,77,72,77,76,31,26.55,38,13,9,16,54,67,48,63.76,65.51,53.47,38,13,8,17,55,61,47,52.81,66.9,44.99
2023-12-26,2023-2024,sheffield united,luton town,2,3,A,2.46,3.32,3.07,73,73,71,71,33,24.55,73,71,73,71,32,25.36,38,3,7,28,35,104,16,41.31,85.71,28.53,38,6,8,24,52,85,26,49.87,91.65,32.33
2023-12-26,2023-2024,burnley,liverpool,0,2,A,8.02,5.32,1.38,74,72,74,73,32,23.36,83,84,80,83,33,26.27,38,5,9,24,41,78,24,43.44,75.72,33.69,38,24,10,4,86,41,82,94.79,47.4,76.88
2023-12-26,2023-2024,manchester united,aston villa,3,2,H,2.68,3.62,2.61,81,78,78,82,33,24.18,81,83,79,78,33,25.73,38,18,6,14,57,58,60,60.33,74.76,44.42,38,20,8,10,76,61,68,67.42,65.08,55.43
2023-12-27,2023-2024,brentford,wolverhampton wanderers,1,4,A,1.94,3.66,4.07,77,77,75,76,33,26.36,77,78,77,76,31,26.18,38,10,9,19,56,65,39,64.29,60.26,52.94,38,13,7,18,50,65,46,50.65,76.11,39.79
2023-12-27,2023-2024,chelsea,crystal palace,2,1,H,1.72,3.89,5.06,79,81,79,79,33,22.0,77,75,76,76,33,25.18,38,18,9,11,77,63,63,80.88,62.6,64.2,38,13,10,15,57,58,49,53.94,57.99,50.46
2023-12-27,2023-2024,everton,manchester city,1,3,A,6.32,4.1,1.57,76,77,76,76,31,28.18,85,86,87,84,28,26.82,38,13,9,16,40,51,48,60.75,60.26,53.1,38,28,7,3,96,34,91,89.55,37.27,83.07
2023-12-28,2023-2024,brighton & hove albion,tottenham hotspur,4,2,H,2.53,4.05,2.56,77,75,74,77,33,24.91,81,81,81,80,31,24.55,38,12,12,14,55,62,48,61.91,60.94,54.43,38,20,6,12,74,61,66,73.35,68.07,57.42
2023-12-28,2023-2024,arsenal,west ham united,0,2,A,1.36,5.49,8.28,83,83,85,82,33,24.91,79,78,80,78,30,27.27,38,28,5,5,91,29,89,84.39,31.78,81.94,38,14,10,14,60,74,52,54.53,77.91,41.28
2023-12-30,2023-2024,luton town,chelsea,2,3,A,6.05,4.65,1.52,73,71,73,71,32,25.36,79,81,79,79,33,22.0,38,6,8,24,52,85,26,49.87,91.65,32.33,38,18,9,11,77,63,63,80.88,62.6,64.2
2023-12-30,2023-2024,aston villa,burnley,3,2,H,1.38,5.29,8.1,81,83,79,78,33,25.73,74,72,74,73,32,23.36,38,20,8,10,76,61,68,67.42,65.08,55.43,38,5,9,24,41,78,24,43.44,75.72,33.69
2023-12-30,2023-2024,crystal palace,brentford,3,1,H,2.22,3.3,3.58,77,75,76,76,33,25.18,77,77,75,76,33,26.36,38,13,10,15,57,58,49,53.94,57.99,50.46,38,10,9,19,56,65,39,64.29,60.26,52.94
2023-12-30,2023-2024,manchester city,sheffield united,2,0,H,1.07,14.55,28.9,85,86,87,84,28,26.82,73,73,71,71,33,24.55,38,28,7,3,96,34,91,89.55,37.27,83.07,38,3,7,28,35,104,16,41.31,85.71,28.53
2023-12-30,2023-2024,wolverhampton wanderers,everton,3,0,H,2.67,3.41,2.74,77,78,77,76,31,26.18,76,77,76,76,31,28.18,38,13,7,18,50,65,46,50.65,76.11,39.79,38,13,9,16,40,51,48,60.75,60.26,53.1
2023-12-30,2023-2024,nottingham forest,manchester united,2,1,H,3.33,3.72,2.15,76,76,76,74,29,25.0,81,78,78,82,33,24.18,38,9,9,20,49,67,36,52.16,56.25,50.17,38,18,6,14,57,58,60,60.33,74.76,44.42
2023-12-31,2023-2024,fulham fc,arsenal,2,1,H,5.94,4.29,1.57,77,72,77,76,31,26.55,83,83,85,82,33,24.91,38,13,8,17,55,61,47,52.81,66.9,44.99,38,28,5,5,91,29,89,84.39,31.78,81.94
2023-12-31,2023-2024,tottenham hotspur,afc bournemouth,3,1,H,1.77,4.42,4.08,81,81,81,80,31,24.55,76,79,75,74,31,25.45,38,20,6,12,74,61,66,73.35,68.07,57.42,38,13,9,16,54,67,48,63.76,65.51,53.47
2024-01-01,2023-2024,liverpool,newcastle united,4,2,H,1.45,4.96,6.69,83,84,80,83,33,26.27,80,80,76,73,33,24.91,38,24,10,4,86,41,82,94.79,47.4,76.88,38,18,6,14,85,62,60,84.48,62.46,65.59
2024-01-02,2023-2024,west ham united,brighton & hove albion,0,0,D,2.52,3.68,2.74,79,78,80,78,30,27.27,77,75,74,77,33,24.91,38,14,10,14,60,74,52,54.53,77.91,41.28,38,12,12,14,55,62,48,61.91,60.94,54.43
2024-01-12,2023-2024,burnley,luton town,1,1,D,2.06,3.58,3.8,74,72,74,73,32,23.36,73,71,73,71,32,25.36,38,5,9,24,41,78,24,43.44,75.72,33.69,38,6,8,24,52,85,26,49.87,91.65,32.33
2024-01-13,2023-2024,chelsea,fulham fc,1,0,H,1.65,4.22,5.13,79,81,79,79,33,22.0,77,72,77,76,31,26.55,38,18,9,11,77,63,63,80.88,62.6,64.2,38,13,8,17,55,61,47,52.81,66.9,44.99
2024-01-13,2023-2024,newcastle united,manchester city,2,3,A,5.63,4.53,1.56,80,80,76,73,33,24.91,85,86,87,84,28,26.82,38,18,6,14,85,62,60,84.48,62.46,65.59,38,28,7,3,96,34,91,89.55,37.27,83.07
2024-01-14,2023-2024,everton,aston villa,0,0,D,2.81,3.62,2.49,76,77,76,76,31,28.18,81,83,79,78,33,25.73,38,13,9,16,40,51,48,60.75,60.26,53.1,38,20,8,10,76,61,68,67.42,65.08,55.43
2024-01-14,2023-2024,manchester united,tottenham hotspur,2,2,D,2.22,3.97,3.01,81,78,78,82,33,24.18,81,81,81,80,31,24.55,38,18,6,14,57,58,60,60.33,74.76,44.42,38,20,6,12,74,61,66,73.35,68.07,57.42
2024-01-20,2023-2024,arsenal,crystal palace,5,0,H,1.29,5.85,10.86,83,83,85,82,33,24.91,77,75,76,76,33,25.18,38,28,5,5,91,29,89,84.39,31.78,81.94,38,13,10,15,57,58,49,53.94,57.99,50.46
2024-01-20,2023-2024,brentford,nottingham forest,3,2,H,1.85,3.83,4.29,77,77,75,76,33,26.36,76,76,76,74,29,25.0,38,10,9,19,56,65,39,64.29,60.26,52.94,38,9,9,20,49,67,36,52.16,56.25,50.17
2024-01-21,2023-2024,sheffield united,west ham united,2,2,D,3.45,3.47,2.2,73,73,71,71,33,24.55,79,78,80,78,30,27.27,38,3,7,28,35,104,16,41.31,85.71,28.53,38,14,10,14,60,74,52,54.53,77.91,41.28
2024-01-21,2023-2024,afc bournemouth,liverpool,0,4,A,4.41,4.36,1.72,76,79,75,74,31,25.45,83,84,80,83,33,26.27,38,13,9,16,54,67,48,63.76,65.51,53.47,38,24,10,4,86,41,82,94.79,47.4,76.88
2024-01-22,2023-2024,brighton & hove albion,wolverhampton wanderers,0,0,D,1.66,4.28,5.01,77,75,74,77,33,24.91,77,78,77,76,31,26.18,38,12,12,14,55,62,48,61.91,60.94,54.43,38,13,7,18,50,65,46,50.65,76.11,39.79
2024-01-30,2023-2024,nottingham forest,arsenal,1,2,A,7.77,5.14,1.4,76,76,76,74,29,25.0,83,83,85,82,33,24.91,38,9,9,20,49,67,36,52.16,56.25,50.17,38,28,5,5,91,29,89,84.39,31.78,81.94
2024-01-30,2023-2024,fulham fc,everton,0,0,D,2.46,3.32,3.08,77,72,77,76,31,26.55,76,77,76,76,31,28.18,38,13,8,17,55,61,47,52.81,66.9,44.99,38,13,9,16,40,51,48,60.75,60.26,53.1
2024-01-30,2023-2024,luton town,brighton & hove albion,4,0,H,4.43,4.06,1.78,73,71,73,71,32,25.36,77,75,74,77,33,24.91,38,6,8,24,52,85,26,49.87,91.65,32.33,38,12,12,14,55,62,48,61.91,60.94,54.43
2024-01-30,2023-2024,crystal palace,sheffield united,3,2,H,1.64,3.93,5.81,77,75,76,76,33,25.18,73,73,71,71,33,24.55,38,13,10,15,57,58,49,53.94,57.99,50.46,38,3,7,28,35,104,16,41.31,85.71,28.53
2024-01-30,2023-2024,aston villa,newcastle united,1,3,A,1.85,4.05,4.02,81,83,79,78,33,25.73,80,80,76,73,33,24.91,38,20,8,10,76,61,68,67.42,65.08,55.43,38,18,6,14,85,62,60,84.48,62.46,65.59
2024-01-31,2023-2024,manchester city,burnley,3,1,H,1.11,12.41,18.6,85,86,87,84,28,26.82,74,72,74,73,32,23.36,38,28,7,3,96,34,91,89.55,37.27,83.07,38,5,9,24,41,78,24,43.44,75.72,33.69
2024-01-31,2023-2024,tottenham hotspur,brentford,3,2,H,1.69,4.32,4.7,81,81,81,80,31,24.55,77,77,75,76,33,26.36,38,20,6,12,74,61,66,73.35,68.07,57.42,38,10,9,19,56,65,39,64.29,60.26,52.94
2024-01-31,2023-2024,liverpool,chelsea,4,1,H,1.58,4.64,5.29,83,84,80,83,33,26.27,79,81,79,79,33,22.0,38,24,10,4,86,41,82,94.79,47.4,76.88,38,18,9,11,77,63,63,80.88,62.6,64.2
2024-02-01,2023-2024,west ham united,afc bournemouth,1,1,D,2.45,3.71,2.8,79,78,80,78,30,27.27,76,79,75,74,31,25.45,38,14,10,14,60,74,52,54.53,77.91,41.28,38,13,9,16,54,67,48,63.76,65.51,53.47
2024-02-01,2023-2024,wolverhampton wanderers,manchester united,3,4,A,2.7,3.51,2.64,77,78,77,76,31,26.18,81,78,78,82,33,24.18,38,13,7,18,50,65,46,50.65,76.11,39.79,38,18,6,14,57,58,60,60.33,74.76,44.42
2024-02-03,2023-2024,everton,tottenham hotspur,2,2,D,2.97,3.71,2.34,76,77,76,76,31,28.18,81,81,81,80,31,24.55,38,13,9,16,40,51,48,60.75,60.26,53.1,38,20,6,12,74,61,66,73.35,68.07,57.42
2024-02-03,2023-2024,brighton & hove albion,crystal palace,4,1,H,1.71,4.04,4.85,77,75,74,77,33,24.91,77,75,76,76,33,25.18,38,12,12,14,55,62,48,61.91,60.94,54.43,38,13,10,15,57,58,49,53.94,57.99,50.46
2024-02-03,2023-2024,burnley,fulham fc,2,2,D,2.98,3.5,2.43,74,72,74,73,32,23.36,77,72,77,76,31,26.55,38,5,9,24,41,78,24,43.44,75.72,33.69,38,13,8,17,55,61,47,52.81,66.9,44.99
2024-02-03,2023-2024,newcastle united,luton town,4,4,D,1.42,5.07,7.23,80,80,76,73,33,24.91,73,71,73,71,32,25.36,38,18,6,14,85,62,60,84.48,62.46,65.59,38,6,8,24,52,85,26,49.87,91.65,32.33
2024-02-03,2023-2024,sheffield united,aston villa,0,5,A,5.02,4.36,1.65,73,73,71,71,33,24.55,81,83,79,78,33,25.73,38,3,7,28,35,104,16,41.31,85.71,28.53,38,20,8,10,76,61,68,67.42,65.08,55.43
2024-02-04,2023-2024,afc bournemouth,nottingham forest,1,1,D,1.71,4.2,4.68,76,79,75,74,31,25.45,76,76,76,74,29,25.0,38,13,9,16,54,67,48,63.76,65.51,53.47,38,9,9,20,49,67,36,52.16,56.25,50.17
2024-02-04,2023-2024,chelsea,wolverhampton wanderers,2,4,A,1.63,4.29,5.27,79,81,79,79,33,22.0,77,78,77,76,31,26.18,38,18,9,11,77,63,63,80.88,62.6,64.2,38,13,7,18,50,65,46,50.65,76.11,39.79
2024-02-04,2023-2024,manchester united,west ham united,3,0,H,1.65,4.31,5.05,81,78,78,82,33,24.18,79,78,80,78,30,27.27,38,18,6,14,57,58,60,60.33,74.76,44.42,38,14,10,14,60,74,52,54.53,77.91,41.28
2024-02-04,2023-2024,arsenal,liverpool,3,1,H,2.24,3.72,3.15,83,83,85,82,33,24.91,83,84,80,83,33,26.27,38,28,5,5,91,29,89,84.39,31.78,81.94,38,24,10,4,86,41,82,94.79,47.4,76.88
2024-02-05,2023-2024,brentford,manchester city,1,3,A,7.44,5.09,1.41,77,77,75,76,33,26.36,85,86,87,84,28,26.82,38,10,9,19,56,65,39,64.29,60.26,52.94,38,28,7,3,96,34,91,89.55,37.27,83.07
2024-02-10,2023-2024,manchester city,everton,2,0,H,1.19,7.68,13.24,85,86,87,84,28,26.82,76,77,76,76,31,28.18,38,28,7,3,96,34,91,89.55,37.27,83.07,38,13,9,16,40,51,48,60.75,60.26,53.1
2024-02-10,2023-2024,fulham fc,afc bournemouth,3,1,H,2.46,3.6,2.87,77,72,77,76,31,26.55,76,79,75,74,31,25.45,38,13,8,17,55,61,47,52.81,66.9,44.99,38,13,9,16,54,67,48,63.76,65.51,53.47
2024-02-10,2023-2024,liverpool,burnley,3,1,H,1.16,8.71,15.08,83,84,80,83,33,26.27,74,72,74,73,32,23.36,38,24,10,4,86,41,82,94.79,47.4,76.88,38,5,9,24,41,78,24,43.44,75.72,33.69
2024-02-10,2023-2024,luton town,sheffield united,1,3,A,1.79,3.85,4.6,73,71,73,71,32,25.36,73,73,71,71,33,24.55,38,6,8,24,52,85,26,49.87,91.65,32.33,38,3,7,28,35,104,16,41.31,85.71,28.53
2024-02-10,2023-2024,tottenham hotspur,brighton & hove albion,2,1,H,1.81,4.35,3.92,81,81,81,80,31,24.55,77,75,74,77,33,24.91,38,20,6,12,74,61,66,73.35,68.07,57.42,38,12,12,14,55,62,48,61.91,60.94,54.43
2024-02-10,2023-2024,wolverhampton wanderers,brentford,0,2,A,2.14,3.65,3.42,77,78,77,76,31,26.18,77,77,75,76,33,26.36,38,13,7,18,50,65,46,50.65,76.11,39.79,38,10,9,19,56,65,39,64.29,60.26,52.94
2024-02-10,2023-2024,nottingham forest,newcastle united,2,3,A,3.29,3.81,2.14,76,76,76,74,29,25.0,80,80,76,73,33,24.91,38,9,9,20,49,67,36,52.16,56.25,50.17,38,18,6,14,85,62,60,84.48,62.46,65.59
2024-02-11,2023-2024,west ham united,arsenal,0,6,A,5.95,4.4,1.56,79,78,80,78,30,27.27,83,83,85,82,33,24.91,38,14,10,14,60,74,52,54.53,77.91,41.28,38,28,5,5,91,29,89,84.39,31.78,81.94
2024-02-11,2023-2024,aston villa,manchester united,1,2,A,2.16,3.91,3.18,81,83,79,78,33,25.73,81,78,78,82,33,24.18,38,20,8,10,76,61,68,67.42,65.08,55.43,38,18,6,14,57,58,60,60.33,74.76,44.42
2024-02-12,2023-2024,crystal palace,chelsea,1,3,A,4.25,3.86,1.85,77,75,76,76,33,25.18,79,81,79,79,33,22.0,38,13,10,15,57,58,49,53.94,57.99,50.46,38,18,9,11,77,63,63,80.88,62.6,64.2
2024-02-17,2023-2024,brentford,liverpool,1,4,A,5.27,4.59,1.59,77,77,75,76,33,26.36,83,84,80,83,33,26.27,38,10,9,19,56,65,39,64.29,60.26,52.94,38,24,10,4,86,41,82,94.79,47.4,76.88
2024-02-17,2023-2024,burnley,arsenal,0,5,A,9.78,5.73,1.31,74,72,74,73,32,23.36,83,83,85,82,33,24.91,38,5,9,24,41,78,24,43.44,75.72,33.69,38,28,5,5,91,29,89,84.39,31.78,81.94
2024-02-17,2023-2024,fulham fc,aston villa,1,2,A,2.97,3.76,2.32,77,72,77,76,31,26.55,81,83,79,78,33,25.73,38,13,8,17,55,61,47,52.81,66.9,44.99,38,20,8,10,76,61,68,67.42,65.08,55.43
2024-02-17,2023-2024,newcastle united,afc bournemouth,2,2,D,1.87,4.15,3.84,80,80,76,73,33,24.91,76,79,75,74,31,25.45,38,18,6,14,85,62,60,84.48,62.46,65.59,38,13,9,16,54,67,48,63.76,65.51,53.47
2024-02-17,2023-2024,nottingham forest,west ham united,2,0,H,2.47,3.5,2.92,76,76,76,74,29,25.0,79,78,80,78,30,27.27,38,9,9,20,49,67,36,52.16,56.25,50.17,38,14,10,14,60,74,52,54.53,77.91,41.28
2024-02-17,2023-2024,tottenham hotspur,wolverhampton wanderers,1,2,A,1.55,4.87,5.36,81,81,81,80,31,24.55,77,78,77,76,31,26.18,38,20,6,12,74,61,66,73.35,68.07,57.42,38,13,7,18,50,65,46,50.65,76.11,39.79
2024-02-17,2023-2024,manchester city,chelsea,1,1,D,1.34,5.71,8.37,85,86,87,84,28,26.82,79,81,79,79,33,22.0,38,28,7,3,96,34,91,89.55,37.27,83.07,38,18,9,11,77,63,63,80.88,62.6,64.2
2024-02-18,2023-2024,sheffield united,brighton & hove albion,0,5,A,4.99,4.4,1.64,73,73,71,71,33,24.55,77,75,74,77,33,24.91,38,3,7,28,35,104,16,41.31,85.71,28.53,38,12,12,14,55,62,48,61.91,60.94,54.43
2024-02-18,2023-2024,luton town,manchester united,1,2,A,4.17,4.13,1.81,73,71,73,71,32,25.36,81,78,78,82,33,24.18,38,6,8,24,52,85,26,49.87,91.65,32.33,38,18,6,14,57,58,60,60.33,74.76,44.42
2024-02-19,2023-2024,everton,crystal palace,1,1,D,1.72,3.79,5.26,76,77,76,76,31,28.18,77,75,76,76,33,25.18,38,13,9,16,40,51,48,60.75,60.26,53.1,38,13,10,15,57,58,49,53.94,57.99,50.46
2024-02-20,2023-2024,manchester city,brentford,1,0,H,1.17,8.67,15.04,85,86,87,84,28,26.82,77,77,75,76,33,26.36,38,28,7,3,96,34,91,89.55,37.27,83.07,38,10,9,19,56,65,39,64.29,60.26,52.94
2024-02-21,2023-2024,liverpool,luton town,4,1,H,1.19,7.94,12.93,83,84,80,83,33,26.27,73,71,73,71,32,25.36,38,24,10,4,86,41,82,94.79,47.4,76.88,38,6,8,24,52,85,26,49.87,91.65,32.33
2024-02-24,2023-2024,aston villa,nottingham forest,4,2,H,1.57,4.52,5.55,81,83,79,78,33,25.73,76,76,76,74,29,25.0,38,20,8,10,76,61,68,67.42,65.08,55.43,38,9,9,20,49,67,36,52.16,56.25,50.17
2024-02-24,2023-2024,brighton & hove albion,everton,1,1,D,1.82,4.04,4.2,77,75,74,77,33,24.91,76,77,76,76,31,28.18,38,12,12,14,55,62,48,61.91,60.94,54.43,38,13,9,16,40,51,48,60.75,60.26,53.1
2024-02-24,2023-2024,crystal palace,burnley,3,0,H,2.03,3.45,3.98,77,75,76,76,33,25.18,74,72,74,73,32,23.36,38,13,10,15,57,58,49,53.94,57.99,50.46,38,5,9,24,41,78,24,43.44,75.72,33.69
2024-02-24,2023-2024,manchester united,fulham fc,1,2,A,1.61,4.48,5.21,81,78,78,82,33,24.18,77,72,77,76,31,26.55,38,18,6,14,57,58,60,60.33,74.76,44.42,38,13,8,17,55,61,47,52.81,66.9,44.99
2024-02-24,2023-2024,afc bournemouth,manchester city,0,1,A,7.2,5.14,1.42,76,79,75,74,31,25.45,85,86,87,84,28,26.82,38,13,9,16,54,67,48,63.76,65.51,53.47,38,28,7,3,96,34,91,89.55,37.27,83.07
2024-02-24,2023-2024,arsenal,newcastle united,4,1,H,1.4,5.32,7.33,83,83,85,82,33,24.91,80,80,76,73,33,24.91,38,28,5,5,91,29,89,84.39,31.78,81.94,38,18,6,14,85,62,60,84.48,62.46,65.59
2024-02-25,2023-2024,wolverhampton wanderers,sheffield united,1,0,H,1.43,4.66,7.0,77,78,77,76,31,26.18,73,73,71,71,33,24.55,38,13,7,18,50,65,46,50.65,76.11,39.79,38,3,7,28,35,104,16,41.31,85.71,28.53
2024-02-26,2023-2024,west ham united,brentford,4,2,H,2.57,3.68,2.68,79,78,80,78,30,27.27,77,77,75,76,33,26.36,38,14,10,14,60,74,52,54.53,77.91,41.28,38,10,9,19,56,65,39,64.29,60.26,52.94
2024-03-02,2023-2024,brentford,chelsea,2,2,D,3.04,3.95,2.21,77,77,75,76,33,26.36,79,81,79,79,33,22.0,38,10,9,19,56,65,39,64.29,60.26,52.94,38,18,9,11,77,63,63,80.88,62.6,64.2
2024-03-02,2023-2024,everton,west ham united,1,3,A,2.1,3.57,3.62,76,77,76,76,31,28.18,79,78,80,78,30,27.27,38,13,9,16,40,51,48,60.75,60.26,53.1,38,14,10,14,60,74,52,54.53,77.91,41.28
2024-03-02,2023-2024,fulham fc,brighton & hove albion,3,0,H,2.6,3.59,2.7,77,72,77,76,31,26.55,77,75,74,77,33,24.91,38,13,8,17,55,61,47,52.81,66.9,44.99,38,12,12,14,55,62,48,61.91,60.94,54.43
2024-03-02,2023-2024,newcastle united,wolverhampton wanderers,3,0,H,1.89,4.01,3.89,80,80,76,73,33,24.91,77,78,77,76,31,26.18,38,18,6,14,85,62,60,84.48,62.46,65.59,38,13,7,18,50,65,46,50.65,76.11,39.79
2024-03-02,2023-2024,nottingham forest,liverpool,0,1,A,5.69,4.73,1.54,76,76,76,74,29,25.0,83,84,80,83,33,26.27,38,9,9,20,49,67,36,52.16,56.25,50.17,38,24,10,4,86,41,82,94.79,47.4,76.88
2024-03-02,2023-2024,tottenham hotspur,crystal palace,3,1,H,1.52,4.51,6.26,81,81,81,80,31,24.55,77,75,76,76,33,25.18,38,20,6,12,74,61,66,73.35,68.07,57.42,38,13,10,15,57,58,49,53.94,57.99,50.46
2024-03-02,2023-2024,luton town,aston villa,2,3,A,4.34,4.44,1.72,73,71,73,71,32,25.36,81,83,79,78,33,25.73,38,6,8,24,52,85,26,49.87,91.65,32.33,38,20,8,10,76,61,68,67.42,65.08,55.43
2024-03-03,2023-2024,burnley,afc bournemouth,0,2,A,3.79,3.83,1.96,74,72,74,73,32,23.36,76,79,75,74,31,25.45,38,5,9,24,41,78,24,43.44,75.72,33.69,38,13,9,16,54,67,48,63.76,65.51,53.47
2024-03-03,2023-2024,manchester city,manchester united,3,1,H,1.27,6.39,10.06,85,86,87,84,28,26.82,81,78,78,82,33,24.18,38,28,7,3,96,34,91,89.55,37.27,83.07,38,18,6,14,57,58,60,60.33,74.76,44.42
2024-03-04,2023-2024,sheffield united,arsenal,0,6,A,16.74,8.18,1.16,73,73,71,71,33,24.55,83,83,85,82,33,24.91,38,3,7,28,35,104,16,41.31,85.71,28.53,38,28,5,5,91,29,89,84.39,31.78,81.94
2024-03-09,2023-2024,manchester united,everton,2,0,H,1.84,3.93,4.2,81,78,78,82,33,24.18,76,77,76,76,31,28.18,38,18,6,14,57,58,60,60.33,74.76,44.42,38,13,9,16,40,51,48,60.75,60.26,53.1
2024-03-09,2023-2024,afc bournemouth,sheffield united,2,2,D,1.35,5.55,8.52,76,79,75,74,31,25.45,73,73,71,71,33,24.55,38,13,9,16,54,67,48,63.76,65.51,53.47,38,3,7,28,35,104,16,41.31,85.71,28.53
2024-03-09,2023-2024,crystal palace,luton town,1,1,D,1.77,3.95,4.58,77,75,76,76,33,25.18,73,71,73,71,32,25.36,38,13,10,15,57,58,49,53.94,57.99,50.46,38,6,8,24,52,85,26,49.87,91.65,32.33
2024-03-09,2023-2024,wolverhampton wanderers,fulham fc,2,1,H,2.52,3.46,2.88,77,78,77,76,31,26.18,77,72,77,76,31,26.55,38,13,7,18,50,65,46,50.65,76.11,39.79,38,13,8,17,55,61,47,52.81,66.9,44.99
2024-03-09,2023-2024,arsenal,brentford,2,1,H,1.23,6.96,11.44,83,83,85,82,33,24.91,77,77,75,76,33,26.36,38,28,5,5,91,29,89,84.39,31.78,81.94,38,10,9,19,56,65,39,64.29,60.26,52.94
2024-03-10,2023-2024,aston villa,tottenham hotspur,0,4,A,2.47,3.98,2.65,81,83,79,78,33,25.73,81,81,81,80,31,24.55,38,20,8,10,76,61,68,67.42,65.08,55.43,38,20,6,12,74,61,66,73.35,68.07,57.42
2024-03-10,2023-2024,brighton & hove albion,nottingham forest,1,0,H,1.81,4.01,4.26,77,75,74,77,33,24.91,76,76,76,74,29,25.0,38,12,12,14,55,62,48,61.91,60.94,54.43,38,9,9,20,49,67,36,52.16,56.25,50.17
2024-03-10,2023-2024,west ham united,burnley,2,2,D,1.69,4.06,5.04,79,78,80,78,30,27.27,74,72,74,73,32,23.36,38,14,10,14,60,74,52,54.53,77.91,41.28,38,5,9,24,41,78,24,43.44,75.72,33.69
2024-03-10,2023-2024,liverpool,manchester city,1,1,D,3.02,3.8,2.28,83,84,80,83,33,26.27,85,86,87,84,28,26.82,38,24,10,4,86,41,82,94.79,47.4,76.88,38,28,7,3,96,34,91,89.55,37.27,83.07
2024-03-11,2023-2024,chelsea,newcastle united,3,2,H,1.96,4.07,3.59,79,81,79,79,33,22.0,80,80,76,73,33,24.91,38,18,9,11,77,63,63,80.88,62.6,64.2,38,18,6,14,85,62,60,84.48,62.46,65.59
2024-03-13,2023-2024,afc bournemouth,luton town,4,3,H,1.51,4.71,6.18,76,79,75,74,31,25.45,73,71,73,71,32,25.36,38,13,9,16,54,67,48,63.76,65.51,53.47,38,6,8,24,52,85,26,49.87,91.65,32.33
2024-03-16,2023-2024,burnley,brentford,2,1,H,3.23,3.72,2.2,74,72,74,73,32,23.36,77,77,75,76,33,26.36,38,5,9,24,41,78,24,43.44,75.72,33.69,38,10,9,19,56,65,39,64.29,60.26,52.94
2024-03-16,2023-2024,luton town,nottingham forest,1,1,D,2.83,3.69,2.44,73,71,73,71,32,25.36,76,76,76,74,29,25.0,38,6,8,24,52,85,26,49.87,91.65,32.33,38,9,9,20,49,67,36,52.16,56.25,50.17
2024-03-16,2023-2024,fulham fc,tottenham hotspur,3,0,H,3.42,4.09,2.01,77,72,77,76,31,26.55,81,81,81,80,31,24.55,38,13,8,17,55,61,47,52.81,66.9,44.99,38,20,6,12,74,61,66,73.35,68.07,57.42
2024-03-17,2023-2024,west ham united,aston villa,1,1,D,2.66,3.82,2.52,79,78,80,78,30,27.27,81,83,79,78,33,25.73,38,14,10,14,60,74,52,54.53,77.91,41.28,38,20,8,10,76,61,68,67.42,65.08,55.43
2024-03-30,2023-2024,newcastle united,west ham united,4,3,H,1.81,4.26,4.0,80,80,76,73,33,24.91,79,78,80,78,30,27.27,38,18,6,14,85,62,60,84.48,62.46,65.59,38,14,10,14,60,74,52,54.53,77.91,41.28
2024-03-30,2023-2024,afc bournemouth,everton,2,1,H,2.24,3.56,3.27,76,79,75,74,31,25.45,76,77,76,76,31,28.18,38,13,9,16,54,67,48,63.76,65.51,53.47,38,13,9,16,40,51,48,60.75,60.26,53.1
2024-03-30,2023-2024,chelsea,burnley,2,2,D,1.3,6.12,9.34,79,81,79,79,33,22.0,74,72,74,73,32,23.36,38,18,9,11,77,63,63,80.88,62.6,64.2,38,5,9,24,41,78,24,43.44,75.72,33.69
2024-03-30,2023-2024,nottingham forest,crystal palace,1,1,D,2.29,3.38,3.34,76,76,76,74,29,25.0,77,75,76,76,33,25.18,38,9,9,20,49,67,36,52.16,56.25,50.17,38,13,10,15,57,58,49,53.94,57.99,50.46
2024-03-30,2023-2024,sheffield united,fulham fc,3,3,D,4.89,3.95,1.73,73,73,71,71,33,24.55,77,72,77,76,31,26.55,38,3,7,28,35,104,16,41.31,85.71,28.53,38,13,8,17,55,61,47,52.81,66.9,44.99
2024-03-30,2023-2024,tottenham hotspur,luton town,2,1,H,1.21,7.6,11.57,81,81,81,80,31,24.55,73,71,73,71,32,25.36,38,20,6,12,74,61,66,73.35,68.07,57.42,38,6,8,24,52,85,26,49.87,91.65,32.33
2024-03-30,2023-2024,aston villa,wolverhampton wanderers,2,0,H,1.64,4.46,4.9,81,83,79,78,33,25.73,77,78,77,76,31,26.18,38,20,8,10,76,61,68,67.42,65.08,55.43,38,13,7,18,50,65,46,50.65,76.11,39.79
2024-03-30,2023-2024,brentford,manchester united,1,1,D,3.09,3.86,2.22,77,77,75,76,33,26.36,81,78,78,82,33,24.18,38,10,9,19,56,65,39,64.29,60.26,52.94,38,18,6,14,57,58,60,60.33,74.76,44.42
2024-03-31,2023-2024,liverpool,brighton & hove albion,2,1,H,1.37,5.71,7.57,83,84,80,83,33,26.27,77,75,74,77,33,24.91,38,24,10,4,86,41,82,94.79,47.4,76.88,38,12,12,14,55,62,48,61.91,60.94,54.43
2024-03-31,2023-2024,manchester city,arsenal,0,0,D,1.92,3.86,3.94,85,86,87,84,28,26.82,83,83,85,82,33,24.91,38,28,7,3,96,34,91,89.55,37.27,83.07,38,28,5,5,91,29,89,84.39,31.78,81.94
2024-04-02,2023-2024,newcastle united,everton,1,1,D,2.03,3.86,3.62,80,80,76,73,33,24.91,76,77,76,76,31,28.18,38,18,6,14,85,62,60,84.48,62.46,65.59,38,13,9,16,40,51,48,60.75,60.26,53.1
2024-04-02,2023-2024,nottingham forest,fulham fc,3,1,H,2.78,3.51,2.61,76,76,76,74,29,25.0,77,72,77,76,31,26.55,38,9,9,20,49,67,36,52.16,56.25,50.17,38,13,8,17,55,61,47,52.81,66.9,44.99
2024-04-02,2023-2024,afc bournemouth,crystal palace,1,0,H,2.02,3.8,3.69,76,79,75,74,31,25.45,77,75,76,76,33,25.18,38,13,9,16,54,67,48,63.76,65.51,53.47,38,13,10,15,57,58,49,53.94,57.99,50.46
2024-04-02,2023-2024,burnley,wolverhampton wanderers,1,1,D,2.55,3.54,2.83,74,72,74,73,32,23.36,77,78,77,76,31,26.18,38,5,9,24,41,78,24,43.44,75.72,33.69,38,13,7,18,50,65,46,50.65,76.11,39.79
2024-04-02,2023-2024,west ham united,tottenham hotspur,1,1,D,3.38,4.24,2.01,79,78,80,78,30,27.27,81,81,81,80,31,24.55,38,14,10,14,60,74,52,54.53,77.91,41.28,38,20,6,12,74,61,66,73.35,68.07,57.42
2024-04-03,2023-2024,arsenal,luton town,2,0,H,1.11,11.82,20.95,83,83,85,82,33,24.91,73,71,73,71,32,25.36,38,28,5,5,91,29,89,84.39,31.78,81.94,38,6,8,24,52,85,26,49.87,91.65,32.33
2024-04-03,2023-2024,brentford,brighton & hove albion,0,0,D,2.38,3.79,2.86,77,77,75,76,33,26.36,77,75,74,77,33,24.91,38,10,9,19,56,65,39,64.29,60.26,52.94,38,12,12,14,55,62,48,61.91,60.94,54.43
2024-04-03,2023-2024,manchester city,aston villa,4,1,H,1.3,6.32,8.88,85,86,87,84,28,26.82,81,83,79,78,33,25.73,38,28,7,3,96,34,91,89.55,37.27,83.07,38,20,8,10,76,61,68,67.42,65.08,55.43
2024-04-04,2023-2024,liverpool,sheffield united,3,1,H,1.08,14.33,25.37,83,84,80,83,33,26.27,73,73,71,71,33,24.55,38,24,10,4,86,41,82,94.79,47.4,76.88,38,3,7,28,35,104,16,41.31,85.71,28.53
2024-04-04,2023-2024,chelsea,manchester united,4,3,H,2.03,4.03,3.42,79,81,79,79,33,22.0,81,78,78,82,33,24.18,38,18,9,11,77,63,63,80.88,62.6,64.2,38,18,6,14,57,58,60,60.33,74.76,44.42
2024-04-06,2023-2024,crystal palace,manchester city,2,4,A,10.64,5.59,1.31,77,75,76,76,33,25.18,85,86,87,84,28,26.82,38,13,10,15,57,58,49,53.94,57.99,50.46,38,28,7,3,96,34,91,89.55,37.27,83.07
2024-04-06,2023-2024,aston villa,brentford,3,3,D,1.71,4.24,4.62,81,83,79,78,33,25.73,77,77,75,76,33,26.36,38,20,8,10,76,61,68,67.42,65.08,55.43,38,10,9,19,56,65,39,64.29,60.26,52.94
2024-04-06,2023-2024,everton,burnley,1,0,H,1.68,4.18,4.99,76,77,76,76,31,28.18,74,72,74,73,32,23.36,38,13,9,16,40,51,48,60.75,60.26,53.1,38,5,9,24,41,78,24,43.44,75.72,33.69
2024-04-06,2023-2024,fulham fc,newcastle united,0,1,A,2.35,3.87,2.86,77,72,77,76,31,26.55,80,80,76,73,33,24.91,38,13,8,17,55,61,47,52.81,66.9,44.99,38,18,6,14,85,62,60,84.48,62.46,65.59
2024-04-06,2023-2024,luton town,afc bournemouth,2,1,H,3.65,4.11,1.93,73,71,73,71,32,25.36,76,79,75,74,31,25.45,38,6,8,24,52,85,26,49.87,91.65,32.33,38,13,9,16,54,67,48,63.76,65.51,53.47
2024-04-06,2023-2024,wolverhampton wanderers,west ham united,1,2,A,2.53,3.61,2.77,77,78,77,76,31,26.18,79,78,80,78,30,27.27,38,13,7,18,50,65,46,50.65,76.11,39.79,38,14,10,14,60,74,52,54.53,77.91,41.28
2024-04-06,2023-2024,brighton & hove albion,arsenal,0,3,A,5.25,4.19,1.65,77,75,74,77,33,24.91,83,83,85,82,33,24.91,38,12,12,14,55,62,48,61.91,60.94,54.43,38,28,5,5,91,29,89,84.39,31.78,81.94
2024-04-07,2023-2024,manchester united,liverpool,2,2,D,4.75,4.84,1.61,81,78,78,82,33,24.18,83,84,80,83,33,26.27,38,18,6,14,57,58,60,60.33,74.76,44.42,38,24,10,4,86,41,82,94.79,47.4,76.88
2024-04-07,2023-2024,sheffield united,chelsea,2,2,D,6.77,5.35,1.42,73,73,71,71,33,24.55,79,81,79,79,33,22.0,38,3,7,28,35,104,16,41.31,85.71,28.53,38,18,9,11,77,63,63,80.88,62.6,64.2
2024-04-07,2023-2024,tottenham hotspur,nottingham forest,3,1,H,1.39,5.46,7.33,81,81,81,80,31,24.55,76,76,76,74,29,25.0,38,20,6,12,74,61,66,73.35,68.07,57.42,38,9,9,20,49,67,36,52.16,56.25,50.17
2024-04-13,2023-2024,newcastle united,tottenham hotspur,4,0,H,2.8,4.05,2.33,80,80,76,73,33,24.91,81,81,81,80,31,24.55,38,18,6,14,85,62,60,84.48,62.46,65.59,38,20,6,12,74,61,66,73.35,68.07,57.42
2024-04-13,2023-2024,brentford,sheffield united,2,0,H,1.43,5.22,6.68,77,77,75,76,33,26.36,73,73,71,71,33,24.55,38,10,9,19,56,65,39,64.29,60.26,52.94,38,3,7,28,35,104,16,41.31,85.71,28.53
2024-04-13,2023-2024,burnley,brighton & hove albion,1,1,D,3.54,3.8,2.05,74,72,74,73,32,23.36,77,75,74,77,33,24.91,38,5,9,24,41,78,24,43.44,75.72,33.69,38,12,12,14,55,62,48,61.91,60.94,54.43
2024-04-13,2023-2024,manchester city,luton town,5,1,H,1.09,13.24,24.14,85,86,87,84,28,26.82,73,71,73,71,32,25.36,38,28,7,3,96,34,91,89.55,37.27,83.07,38,6,8,24,52,85,26,49.87,91.65,32.33
2024-04-13,2023-2024,nottingham forest,wolverhampton wanderers,2,2,D,2.14,3.57,3.5,76,76,76,74,29,25.0,77,78,77,76,31,26.18,38,9,9,20,49,67,36,52.16,56.25,50.17,38,13,7,18,50,65,46,50.65,76.11,39.79
2024-04-13,2023-2024,afc bournemouth,manchester united,2,2,D,2.42,3.83,2.79,76,79,75,74,31,25.45,81,78,78,82,33,24.18,38,13,9,16,54,67,48,63.76,65.51,53.47,38,18,6,14,57,58,60,60.33,74.76,44.42
2024-04-14,2023-2024,liverpool,crystal palace,0,1,A,1.19,7.62,14.15,83,84,80,83,33,26.27,77,75,76,76,33,25.18,38,24,10,4,86,41,82,94.79,47.4,76.88,38,13,10,15,57,58,49,53.94,57.99,50.46
2024-04-14,2023-2024,west ham united,fulham fc,0,2,A,2.4,3.66,2.91,79,78,80,78,30,27.27,77,72,77,76,31,26.55,38,14,10,14,60,74,52,54.53,77.91,41.28,38,13,8,17,55,61,47,52.81,66.9,44.99
2024-04-14,2023-2024,arsenal,aston villa,0,2,A,1.29,6.27,9.5,83,83,85,82,33,24.91,81,83,79,78,33,25.73,38,28,5,5,91,29,89,84.39,31.78,81.94,38,20,8,10,76,61,68,67.42,65.08,55.43
2024-04-15,2023-2024,chelsea,everton,6,0,H,1.73,4.16,4.57,79,81,79,79,33,22.0,76,77,76,76,31,28.18,38,18,9,11,77,63,63,80.88,62.6,64.2,38,13,9,16,40,51,48,60.75,60.26,53.1
2024-04-20,2023-2024,luton town,brentford,1,5,A,3.28,3.76,2.16,73,71,73,71,32,25.36,77,77,75,76,33,26.36,38,6,8,24,52,85,26,49.87,91.65,32.33,38,10,9,19,56,65,39,64.29,60.26,52.94
2024-04-20,2023-2024,sheffield united,burnley,1,4,A,2.77,3.64,2.52,73,73,71,71,33,24.55,74,72,74,73,32,23.36,38,3,7,28,35,104,16,41.31,85.71,28.53,38,5,9,24,41,78,24,43.44,75.72,33.69
2024-04-20,2023-2024,wolverhampton wanderers,arsenal,0,2,A,8.02,5.14,1.39,77,78,77,76,31,26.18,83,83,85,82,33,24.91,38,13,7,18,50,65,46,50.65,76.11,39.79,38,28,5,5,91,29,89,84.39,31.78,81.94
2024-04-21,2023-2024,everton,nottingham forest,2,0,H,2.06,3.52,3.78,76,77,76,76,31,28.18,76,76,76,74,29,25.0,38,13,9,16,40,51,48,60.75,60.26,53.1,38,9,9,20,49,67,36,52.16,56.25,50.17
2024-04-21,2023-2024,aston villa,afc bournemouth,3,1,H,1.87,4.17,3.83,81,83,79,78,33,25.73,76,79,75,74,31,25.45,38,20,8,10,76,61,68,67.42,65.08,55.43,38,13,9,16,54,67,48,63.76,65.51,53.47
2024-04-21,2023-2024,crystal palace,west ham united,5,2,H,2.12,3.66,3.45,77,75,76,76,33,25.18,79,78,80,78,30,27.27,38,13,10,15,57,58,49,53.94,57.99,50.46,38,14,10,14,60,74,52,54.53,77.91,41.28
2024-04-21,2023-2024,fulham fc,liverpool,1,3,A,5.14,4.66,1.59,77,72,77,76,31,26.55,83,84,80,83,33,26.27,38,13,8,17,55,61,47,52.81,66.9,44.99,38,24,10,4,86,41,82,94.79,47.4,76.88
2024-04-23,2023-2024,arsenal,chelsea,5,0,H,1.45,5.03,6.76,83,83,85,82,33,24.91,79,81,79,79,33,22.0,38,28,5,5,91,29,89,84.39,31.78,81.94,38,18,9,11,77,63,63,80.88,62.6,64.2
2024-04-24,2023-2024,wolverhampton wanderers,afc bournemouth,0,1,A,2.74,3.53,2.6,77,78,77,76,31,26.18,76,79,75,74,31,25.45,38,13,7,18,50,65,46,50.65,76.11,39.79,38,13,9,16,54,67,48,63.76,65.51,53.47
2024-04-24,2023-2024,crystal palace,newcastle united,2,0,H,2.76,3.7,2.49,77,75,76,76,33,25.18,80,80,76,73,33,24.91,38,13,10,15,57,58,49,53.94,57.99,50.46,38,18,6,14,85,62,60,84.48,62.46,65.59
2024-04-24,2023-2024,everton,liverpool,2,0,H,7.49,5.0,1.42,76,77,76,76,31,28.18,83,84,80,83,33,26.27,38,13,9,16,40,51,48,60.75,60.26,53.1,38,24,10,4,86,41,82,94.79,47.4,76.88
2024-04-24,2023-2024,manchester united,sheffield united,4,2,H,1.32,6.28,8.27,81,78,78,82,33,24.18,73,73,71,71,33,24.55,38,18,6,14,57,58,60,60.33,74.76,44.42,38,3,7,28,35,104,16,41.31,85.71,28.53
2024-04-25,2023-2024,brighton & hove albion,manchester city,0,4,A,6.84,4.9,1.45,77,75,74,77,33,24.91,85,86,87,84,28,26.82,38,12,12,14,55,62,48,61.91,60.94,54.43,38,28,7,3,96,34,91,89.55,37.27,83.07
2024-04-27,2023-2024,west ham united,liverpool,2,2,D,5.84,5.03,1.5,79,78,80,78,30,27.27,83,84,80,83,33,26.27,38,14,10,14,60,74,52,54.53,77.91,41.28,38,24,10,4,86,41,82,94.79,47.4,76.88
2024-04-27,2023-2024,fulham fc,crystal palace,1,1,D,2.14,3.63,3.43,77,72,77,76,31,26.55,77,75,76,76,33,25.18,38,13,8,17,55,61,47,52.81,66.9,44.99,38,13,10,15,57,58,49,53.94,57.99,50.46
2024-04-27,2023-2024,manchester united,burnley,1,1,D,1.53,5.01,5.35,81,78,78,82,33,24.18,74,72,74,73,32,23.36,38,18,6,14,57,58,60,60.33,74.76,44.42,38,5,9,24,41,78,24,43.44,75.72,33.69
2024-04-27,2023-2024,newcastle united,sheffield united,5,1,H,1.24,7.18,10.5,80,80,76,73,33,24.91,73,73,71,71,33,24.55,38,18,6,14,85,62,60,84.48,62.46,65.59,38,3,7,28,35,104,16,41.31,85.71,28.53
2024-04-27,2023-2024,wolverhampton wanderers,luton town,2,1,H,1.98,3.9,3.65,77,78,77,76,31,26.18,73,71,73,71,32,25.36,38,13,7,18,50,65,46,50.65,76.11,39.79,38,6,8,24,52,85,26,49.87,91.65,32.33
2024-04-27,2023-2024,everton,brentford,1,0,H,2.34,3.54,3.09,76,77,76,76,31,28.18,77,77,75,76,33,26.36,38,13,9,16,40,51,48,60.75,60.26,53.1,38,10,9,19,56,65,39,64.29,60.26,52.94
2024-04-27,2023-2024,aston villa,chelsea,2,2,D,2.14,4.04,3.13,81,83,79,78,33,25.73,79,81,79,79,33,22.0,38,20,8,10,76,61,68,67.42,65.08,55.43,38,18,9,11,77,63,63,80.88,62.6,64.2
2024-04-28,2023-2024,afc bournemouth,brighton & hove albion,3,0,H,2.27,3.85,2.99,76,79,75,74,31,25.45,77,75,74,77,33,24.91,38,13,9,16,54,67,48,63.76,65.51,53.47,38,12,12,14,55,62,48,61.91,60.94,54.43
2024-04-28,2023-2024,tottenham hotspur,arsenal,2,3,A,4.19,4.07,1.81,81,81,81,80,31,24.55,83,83,85,82,33,24.91,38,20,6,12,74,61,66,73.35,68.07,57.42,38,28,5,5,91,29,89,84.39,31.78,81.94
2024-04-28,2023-2024,nottingham forest,manchester city,0,2,A,10.15,5.89,1.3,76,76,76,74,29,25.0,85,86,87,84,28,26.82,38,9,9,20,49,67,36,52.16,56.25,50.17,38,28,7,3,96,34,91,89.55,37.27,83.07
2024-05-02,2023-2024,chelsea,tottenham hotspur,2,0,H,2.22,4.15,2.92,79,81,79,79,33,22.0,81,81,81,80,31,24.55,38,18,9,11,77,63,63,80.88,62.6,64.2,38,20,6,12,74,61,66,73.35,68.07,57.42
2024-05-03,2023-2024,luton town,everton,1,1,D,2.71,3.52,2.63,73,71,73,71,32,25.36,76,77,76,76,31,28.18,38,6,8,24,52,85,26,49.87,91.65,32.33,38,13,9,16,40,51,48,60.75,60.26,53.1
2024-05-04,2023-2024,arsenal,afc bournemouth,3,0,H,1.2,7.76,12.56,83,83,85,82,33,24.91,76,79,75,74,31,25.45,38,28,5,5,91,29,89,84.39,31.78,81.94,38,13,9,16,54,67,48,63.76,65.51,53.47
2024-05-04,2023-2024,brentford,fulham fc,0,0,D,2.13,3.85,3.27,77,77,75,76,33,26.36,77,72,77,76,31,26.55,38,10,9,19,56,65,39,64.29,60.26,52.94,38,13,8,17,55,61,47,52.81,66.9,44.99
2024-05-04,2023-2024,burnley,newcastle united,1,4,A,3.37,4.05,2.04,74,72,74,73,32,23.36,80,80,76,73,33,24.91,38,5,9,24,41,78,24,43.44,75.72,33.69,38,18,6,14,85,62,60,84.48,62.46,65.59
2024-05-04,2023-2024,sheffield united,nottingham forest,1,3,A,4.57,4.31,1.71,73,73,71,71,33,24.55,76,76,76,74,29,25.0,38,3,7,28,35,104,16,41.31,85.71,28.53,38,9,9,20,49,67,36,52.16,56.25,50.17
2024-05-04,2023-2024,manchester city,wolverhampton wanderers,5,1,H,1.09,13.16,25.65,85,86,87,84,28,26.82,77,78,77,76,31,26.18,38,28,7,3,96,34,91,89.55,37.27,83.07,38,13,7,18,50,65,46,50.65,76.11,39.79
2024-05-05,2023-2024,brighton & hove albion,aston villa,1,0,H,2.75,3.76,2.48,77,75,74,77,33,24.91,81,83,79,78,33,25.73,38,12,12,14,55,62,48,61.91,60.94,54.43,38,20,8,10,76,61,68,67.42,65.08,55.43
2024-05-05,2023-2024,chelsea,west ham united,5,0,H,1.66,4.62,4.59,79,81,79,79,33,22.0,79,78,80,78,30,27.27,38,18,9,11,77,63,63,80.88,62.6,64.2,38,14,10,14,60,74,52,54.53,77.91,41.28
2024-05-05,2023-2024,liverpool,tottenham hotspur,4,2,H,1.48,5.3,5.73,83,84,80,83,33,26.27,81,81,81,80,31,24.55,38,24,10,4,86,41,82,94.79,47.4,76.88,38,20,6,12,74,61,66,73.35,68.07,57.42
2024-05-06,2023-2024,crystal palace,manchester united,4,0,H,2.39,3.81,2.83,77,75,76,76,33,25.18,81,78,78,82,33,24.18,38,13,10,15,57,58,49,53.94,57.99,50.46,38,18,6,14,57,58,60,60.33,74.76,44.42
2024-05-11,2023-2024,fulham fc,manchester city,0,4,A,12.95,7.04,1.21,77,72,77,76,31,26.55,85,86,87,84,28,26.82,38,13,8,17,55,61,47,52.81,66.9,44.99,38,28,7,3,96,34,91,89.55,37.27,83.07
2024-05-11,2023-2024,afc bournemouth,brentford,1,2,A,1.96,4.07,3.57,76,79,75,74,31,25.45,77,77,75,76,33,26.36,38,13,9,16,54,67,48,63.76,65.51,53.47,38,10,9,19,56,65,39,64.29,60.26,52.94
2024-05-11,2023-2024,everton,sheffield united,1,0,H,1.4,5.3,7.47,76,77,76,76,31,28.18,73,73,71,71,33,24.55,38,13,9,16,40,51,48,60.75,60.26,53.1,38,3,7,28,35,104,16,41.31,85.71,28.53
2024-05-11,2023-2024,newcastle united,brighton & hove albion,1,1,D,1.59,4.93,4.84,80,80,76,73,33,24.91,77,75,74,77,33,24.91,38,18,6,14,85,62,60,84.48,62.46,65.59,38,12,12,14,55,62,48,61.91,60.94,54.43
2024-05-11,2023-2024,tottenham hotspur,burnley,2,1,H,1.35,6.16,7.27,81,81,81,80,31,24.55,74,72,74,73,32,23.36,38,20,6,12,74,61,66,73.35,68.07,57.42,38,5,9,24,41,78,24,43.44,75.72,33.69
2024-05-11,2023-2024,west ham united,luton town,3,1,H,1.82,4.53,3.78,79,78,80,78,30,27.27,73,71,73,71,32,25.36,38,14,10,14,60,74,52,54.53,77.91,41.28,38,6,8,24,52,85,26,49.87,91.65,32.33
2024-05-11,2023-2024,wolverhampton wanderers,crystal palace,1,3,A,2.9,3.49,2.49,77,78,77,76,31,26.18,77,75,76,76,33,25.18,38,13,7,18,50,65,46,50.65,76.11,39.79,38,13,10,15,57,58,49,53.94,57.99,50.46
2024-05-11,2023-2024,nottingham forest,chelsea,2,3,A,3.44,3.93,2.04,76,76,76,74,29,25.0,79,81,79,79,33,22.0,38,9,9,20,49,67,36,52.16,56.25,50.17,38,18,9,11,77,63,63,80.88,62.6,64.2
2024-05-12,2023-2024,manchester united,arsenal,0,1,A,7.2,5.68,1.38,81,78,78,82,33,24.18,83,83,85,82,33,24.91,38,18,6,14,57,58,60,60.33,74.76,44.42,38,28,5,5,91,29,89,84.39,31.78,81.94
2024-05-13,2023-2024,aston villa,liverpool,3,3,D,4.16,4.7,1.71,81,83,79,78,33,25.73,83,84,80,83,33,26.27,38,20,8,10,76,61,68,67.42,65.08,55.43,38,24,10,4,86,41,82,94.79,47.4,76.88
2024-05-14,2023-2024,tottenham hotspur,manchester city,0,2,A,7.15,6.3,1.36,81,81,81,80,31,24.55,85,86,87,84,28,26.82,38,20,6,12,74,61,66,73.35,68.07,57.42,38,28,7,3,96,34,91,89.55,37.27,83.07
2024-05-15,2023-2024,brighton & hove albion,chelsea,1,2,A,3.42,3.97,2.04,77,75,74,77,33,24.91,79,81,79,79,33,22.0,38,12,12,14,55,62,48,61.91,60.94,54.43,38,18,9,11,77,63,63,80.88,62.6,64.2
2024-05-15,2023-2024,manchester united,newcastle united,3,2,H,2.75,4.07,2.36,81,78,78,82,33,24.18,80,80,76,73,33,24.91,38,18,6,14,57,58,60,60.33,74.76,44.42,38,18,6,14,85,62,60,84.48,62.46,65.59
2024-05-19,2023-2024,arsenal,everton,2,1,H,1.17,8.37,15.6,83,83,85,82,33,24.91,76,77,76,76,31,28.18,38,28,5,5,91,29,89,84.39,31.78,81.94,38,13,9,16,40,51,48,60.75,60.26,53.1
2024-05-19,2023-2024,brentford,newcastle united,2,4,A,2.97,4.0,2.21,77,77,75,76,33,26.36,80,80,76,73,33,24.91,38,10,9,19,56,65,39,64.29,60.26,52.94,38,18,6,14,85,62,60,84.48,62.46,65.59
2024-05-19,2023-2024,brighton & hove albion,manchester united,0,2,A,2.18,4.09,2.98,77,75,74,77,33,24.91,81,78,78,82,33,24.18,38,12,12,14,55,62,48,61.91,60.94,54.43,38,18,6,14,57,58,60,60.33,74.76,44.42
2024-05-19,2023-2024,burnley,nottingham forest,1,2,A,2.92,3.76,2.32,74,72,74,73,32,23.36,76,76,76,74,29,25.0,38,5,9,24,41,78,24,43.44,75.72,33.69,38,9,9,20,49,67,36,52.16,56.25,50.17
2024-05-19,2023-2024,chelsea,afc bournemouth,2,1,H,1.45,5.4,5.93,79,81,79,79,33,22.0,76,79,75,74,31,25.45,38,18,9,11,77,63,63,80.88,62.6,64.2,38,13,9,16,54,67,48,63.76,65.51,53.47
2024-05-19,2023-2024,crystal palace,aston villa,5,0,H,1.83,4.37,3.74,77,75,76,76,33,25.18,81,83,79,78,33,25.73,38,13,10,15,57,58,49,53.94,57.99,50.46,38,20,8,10,76,61,68,67.42,65.08,55.43
2024-05-19,2023-2024,liverpool,wolverhampton wanderers,2,0,H,1.16,9.27,13.56,83,84,80,83,33,26.27,77,78,77,76,31,26.18,38,24,10,4,86,41,82,94.79,47.4,76.88,38,13,7,18,50,65,46,50.65,76.11,39.79
2024-05-19,2023-2024,luton town,fulham fc,2,4,A,2.93,3.92,2.26,73,71,73,71,32,25.36,77,72,77,76,31,26.55,38,6,8,24,52,85,26,49.87,91.65,32.33,38,13,8,17,55,61,47,52.81,66.9,44.99
2024-05-19,2023-2024,manchester city,west ham united,3,1,H,1.09,13.11,20.39,85,86,87,84,28,26.82,79,78,80,78,30,27.27,38,28,7,3,96,34,91,89.55,37.27,83.07,38,14,10,14,60,74,52,54.53,77.91,41.28
2024-05-19,2023-2024,sheffield united,tottenham hotspur,0,3,A,7.16,6.0,1.35,73,73,71,71,33,24.55,81,81,81,80,31,24.55,38,3,7,28,35,104,16,41.31,85.71,28.53,38,20,6,12,74,61,66,73.35,68.07,57.42
2024-08-16,2024-2025,manchester united,fulham fc,1,0,H,1.63,4.38,5.3,80,80,80,81,26,26.0,77,77,77,78,28,27.64,25,8,5,12,28,35,29,38.73,42.43,33.92,25,10,9,6,38,33,39,42.3,28.73,44.02
2024-08-17,2024-2025,ipswich town,liverpool,0,2,A,8.18,5.84,1.34,75,76,74,74,28,25.73,84,83,84,84,29,27.0,25,3,8,14,23,50,17,27.74,57.77,17.98,25,18,6,1,60,24,60,63.67,25.68,57.39
2024-08-17,2024-2025,arsenal,wolverhampton wanderers,2,0,H,1.16,8.56,16.22,83,81,85,80,25,24.45,76,77,76,76,32,26.27,25,15,8,2,51,22,53,51.34,23.88,51.12,25,5,4,16,35,54,19,28.19,44.51,24.55
2024-08-17,2024-2025,everton,brighton & hove albion,0,3,A,2.73,3.36,2.71,76,75,75,77,27,28.36,78,77,77,78,31,24.09,25,7,9,9,27,31,30,29.83,40.01,27.27,25,9,10,6,38,38,37,38.06,39.41,35.66
2024-08-17,2024-2025,newcastle united,southampton,1,0,H,1.35,5.7,8.25,81,81,82,79,29,26.55,74,74,73,73,33,25.18,25,12,5,8,42,33,41,43.16,37.57,37.74,25,2,3,20,19,57,9,29.76,66.87,15.57
2024-08-17,2024-2025,nottingham forest,afc bournemouth,1,1,D,2.47,3.42,2.97,78,80,77,79,29,25.18,77,75,76,76,30,24.27,25,14,5,6,41,29,47,38.78,34.49,37.21,25,12,7,6,44,29,43,52.83,35.79,46.17
2024-08-17,2024-2025,west ham united,aston villa,1,2,A,2.49,3.65,2.8,79,73,79,77,27,27.64,81,81,80,80,23,26.36,25,7,6,12,29,47,27,35.06,50.71,25.27,25,10,8,7,35,38,38,44.51,36.34,39.95
2024-08-18,2024-2025,brentford,crystal palace,2,1,H,2.5,3.4,2.95,76,78,76,76,27,25.18,77,78,77,78,32,26.09,25,10,4,11,43,42,34,44.24,44.36,32.97,25,7,9,9,29,32,30,41.79,40.08,35.99
2024-08-18,2024-2025,chelsea,manchester city,0,2,A,4.19,3.93,1.84,81,81,82,80,36,23.18,85,84,85,83,32,25.91,25,12,7,6,47,34,43,51.93,39.31,40.97,25,13,5,7,52,35,44,50.33,38.91,41.4
2024-08-19,2024-2025,leicester city,tottenham hotspur,1,1,D,5.09,4.39,1.63,75,77,75,75,31,25.91,81,80,81,77,30,23.91,25,4,5,16,25,55,17,28.12,56.51,19.03,25,9,3,13,49,37,30,47.11,44.1,35.29
2024-08-24,2024-2025,brighton & hove albion,manchester united,2,1,H,2.51,3.66,2.76,78,77,77,78,31,24.09,80,80,80,81,26,26.0,25,9,10,6,38,38,37,38.06,39.41,35.66,25,8,5,12,28,35,29,38.73,42.43,33.92
2024-08-24,2024-2025,crystal palace,west ham united,0,2,A,2.17,3.68,3.33,77,78,77,78,32,26.09,79,73,79,77,27,27.64,25,7,9,9,29,32,30,41.79,40.08,35.99,25,7,6,12,29,47,27,35.06,50.71,25.27
2024-08-24,2024-2025,fulham fc,leicester city,2,1,H,1.84,3.67,4.56,77,77,77,78,28,27.64,75,77,75,75,31,25.91,25,10,9,6,38,33,39,42.3,28.73,44.02,25,4,5,16,25,55,17,28.12,56.51,19.03
2024-08-24,2024-2025,manchester city,ipswich town,4,1,H,1.08,13.21,25.71,85,84,85,83,32,25.91,75,76,74,74,28,25.73,25,13,5,7,52,35,44,50.33,38.91,41.4,25,3,8,14,23,50,17,27.74,57.77,17.98
2024-08-24,2024-2025,southampton,nottingham forest,0,1,A,2.59,3.28,2.92,74,74,73,73,33,25.18,78,80,77,79,29,25.18,25,2,3,20,19,57,9,29.76,66.87,15.57,25,14,5,6,41,29,47,38.78,34.49,37.21
2024-08-24,2024-2025,tottenham hotspur,everton,4,0,H,1.45,4.87,7.03,81,80,81,77,30,23.91,76,75,75,77,27,28.36,25,9,3,13,49,37,30,47.11,44.1,35.29,25,7,9,9,27,31,30,29.83,40.01,27.27
2024-08-24,2024-2025,aston villa,arsenal,0,2,A,4.55,3.98,1.77,81,81,80,80,23,26.36,83,81,85,80,25,24.45,25,10,8,7,35,38,38,44.51,36.34,39.95,25,15,8,2,51,22,53,51.34,23.88,51.12
2024-08-25,2024-2025,afc bournemouth,newcastle united,1,1,D,3.05,3.73,2.28,77,75,76,76,30,24.27,81,81,82,79,29,26.55,25,12,7,6,44,29,43,52.83,35.79,46.17,25,12,5,8,42,33,41,43.16,37.57,37.74
2024-08-25,2024-2025,wolverhampton wanderers,chelsea,2,6,A,4.46,4.03,1.78,76,77,76,76,32,26.27,81,81,82,80,36,23.18,25,5,4,16,35,54,19,28.19,44.51,24.55,25,12,7,6,47,34,43,51.93,39.31,40.97
2024-08-25,2024-2025,liverpool,brentford,2,0,H,1.25,7.05,10.11,84,83,84,84,29,27.0,76,78,76,76,27,25.18,25,18,6,1,60,24,60,63.67,25.68,57.39,25,10,4,11,43,42,34,44.24,44.36,32.97
2024-08-31,2024-2025,arsenal,brighton & hove albion,1,1,D,1.34,5.87,8.1,83,81,85,80,25,24.45,78,77,77,78,31,24.09,25,15,8,2,51,22,53,51.34,23.88,51.12,25,9,10,6,38,38,37,38.06,39.41,35.66
2024-08-31,2024-2025,brentford,southampton,3,1,H,1.79,3.9,4.51,76,78,76,76,27,25.18,74,74,73,73,33,25.18,25,10,4,11,43,42,34,44.24,44.36,32.97,25,2,3,20,19,57,9,29.76,66.87,15.57
2024-08-31,2024-2025,everton,afc bournemouth,2,3,A,2.82,3.38,2.62,76,75,75,77,27,28.36,77,75,76,76,30,24.27,25,7,9,9,27,31,30,29.83,40.01,27.27,25,12,7,6,44,29,43,52.83,35.79,46.17
2024-08-31,2024-2025,ipswich town,fulham fc,1,1,D,3.14,3.53,2.32,75,76,74,74,28,25.73,77,77,77,78,28,27.64,25,3,8,14,23,50,17,27.74,57.77,17.98,25,10,9,6,38,33,39,42.3,28.73,44.02
2024-08-31,2024-2025,leicester city,aston villa,1,2,A,4.8,4.09,1.71,75,77,75,75,31,25.91,81,81,80,80,23,26.36,25,4,5,16,25,55,17,28.12,56.51,19.03,25,10,8,7,35,38,38,44.51,36.34,39.95
2024-08-31,2024-2025,nottingham forest,wolverhampton wanderers,1,1,D,2.02,3.7,3.71,78,80,77,79,29,25.18,76,77,76,76,32,26.27,25,14,5,6,41,29,47,38.78,34.49,37.21,25,5,4,16,35,54,19,28.19,44.51,24.55
2024-08-31,2024-2025,west ham united,manchester city,1,3,A,7.69,5.64,1.37,79,73,79,77,27,27.64,85,84,85,83,32,25.91,25,7,6,12,29,47,27,35.06,50.71,25.27,25,13,5,7,52,35,44,50.33,38.91,41.4
2024-09-01,2024-2025,chelsea,crystal palace,1,1,D,1.63,4.4,5.06,81,81,82,80,36,23.18,77,78,77,78,32,26.09,25,12,7,6,47,34,43,51.93,39.31,40.97,25,7,9,9,29,32,30,41.79,40.08,35.99
2024-09-01,2024-2025,newcastle united,tottenham hotspur,2,1,H,2.5,3.96,2.62,81,81,82,79,29,26.55,81,80,81,77,30,23.91,25,12,5,8,42,33,41,43.16,37.57,37.74,25,9,3,13,49,37,30,47.11,44.1,35.29
2024-09-01,2024-2025,manchester united,liverpool,0,3,A,3.93,4.31,1.82,80,80,80,81,26,26.0,84,83,84,84,29,27.0,25,8,5,12,28,35,29,38.73,42.43,33.92,25,18,6,1,60,24,60,63.67,25.68,57.39
2024-09-14,2024-2025,southampton,manchester united,0,3,A,4.5,4.13,1.74,74,74,73,73,33,25.18,80,80,80,81,26,26.0,25,2,3,20,19,57,9,29.76,66.87,15.57,25,8,5,12,28,35,29,38.73,42.43,33.92
2024-09-14,2024-2025,brighton & hove albion,ipswich town,0,0,D,1.38,5.13,8.05,78,77,77,78,31,24.09,75,76,74,74,28,25.73,25,9,10,6,38,38,37,38.06,39.41,35.66,25,3,8,14,23,50,17,27.74,57.77,17.98
2024-09-14,2024-2025,crystal palace,leicester city,2,2,D,1.62,4.13,5.48,77,78,77,78,32,26.09,75,77,75,75,31,25.91,25,7,9,9,29,32,30,41.79,40.08,35.99,25,4,5,16,25,55,17,28.12,56.51,19.03
2024-09-14,2024-2025,fulham fc,west ham united,1,1,D,2.4,3.53,2.97,77,77,77,78,28,27.64,79,73,79,77,27,27.64,25,10,9,6,38,33,39,42.3,28.73,44.02,25,7,6,12,29,47,27,35.06,50.71,25.27
2024-09-14,2024-2025,liverpool,nottingham forest,0,1,A,1.21,7.23,12.71,84,83,84,84,29,27.0,78,80,77,79,29,25.18,25,18,6,1,60,24,60,63.67,25.68,57.39,25,14,5,6,41,29,47,38.78,34.49,37.21
2024-09-14,2024-2025,manchester city,brentford,2,1,H,1.17,8.43,14.62,85,84,85,83,32,25.91,76,78,76,76,27,25.18,25,13,5,7,52,35,44,50.33,38.91,41.4,25,10,4,11,43,42,34,44.24,44.36,32.97
2024-09-14,2024-2025,aston villa,everton,3,2,H,1.51,4.45,6.48,81,81,80,80,23,26.36,76,75,75,77,27,28.36,25,10,8,7,35,38,38,44.51,36.34,39.95,25,7,9,9,27,31,30,29.83,40.01,27.27
2024-09-14,2024-2025,afc bournemouth,chelsea,0,1,A,3.32,3.97,2.06,77,75,76,76,30,24.27,81,81,82,80,36,23.18,25,12,7,6,44,29,43,52.83,35.79,46.17,25,12,7,6,47,34,43,51.93,39.31,40.97
2024-09-15,2024-2025,tottenham hotspur,arsenal,0,1,A,3.03,3.62,2.32,81,80,81,77,30,23.91,83,81,85,80,25,24.45,25,9,3,13,49,37,30,47.11,44.1,35.29,25,15,8,2,51,22,53,51.34,23.88,51.12
2024-09-15,2024-2025,wolverhampton wanderers,newcastle united,1,2,A,3.41,3.71,2.1,76,77,76,76,32,26.27,81,81,82,79,29,26.55,25,5,4,16,35,54,19,28.19,44.51,24.55,25,12,5,8,42,33,41,43.16,37.57,37.74
2024-09-21,2024-2025,west ham united,chelsea,0,3,A,3.59,3.93,1.99,79,73,79,77,27,27.64,81,81,82,80,36,23.18,25,7,6,12,29,47,27,35.06,50.71,25.27,25,12,7,6,47,34,43,51.93,39.31,40.97
2024-09-21,2024-2025,aston villa,wolverhampton wanderers,3,1,H,1.59,4.47,5.44,81,81,80,80,23,26.36,76,77,76,76,32,26.27,25,10,8,7,35,38,38,44.51,36.34,39.95,25,5,4,16,35,54,19,28.19,44.51,24.55
2024-09-21,2024-2025,fulham fc,newcastle united,3,1,H,2.89,3.54,2.47,77,77,77,78,28,27.64,81,81,82,79,29,26.55,25,10,9,6,38,33,39,42.3,28.73,44.02,25,12,5,8,42,33,41,43.16,37.57,37.74
2024-09-21,2024-2025,leicester city,everton,1,1,D,2.54,3.43,2.88,75,77,75,75,31,25.91,76,75,75,77,27,28.36,25,4,5,16,25,55,17,28.12,56.51,19.03,25,7,9,9,27,31,30,29.83,40.01,27.27
2024-09-21,2024-2025,liverpool,afc bournemouth,3,0,H,1.28,6.36,9.45,84,83,84,84,29,27.0,77,75,76,76,30,24.27,25,18,6,1,60,24,60,63.67,25.68,57.39,25,12,7,6,44,29,43,52.83,35.79,46.17
2024-09-21,2024-2025,southampton,ipswich town,1,1,D,2.27,3.5,3.24,74,74,73,73,33,25.18,75,76,74,74,28,25.73,25,2,3,20,19,57,9,29.76,66.87,15.57,25,3,8,14,23,50,17,27.74,57.77,17.98
2024-09-21,2024-2025,tottenham hotspur,brentford,3,1,H,1.55,4.77,5.48,81,80,81,77,30,23.91,76,78,76,76,27,25.18,25,9,3,13,49,37,30,47.11,44.1,35.29,25,10,4,11,43,42,34,44.24,44.36,32.97
2024-09-21,2024-2025,crystal palace,manchester united,0,0,D,2.92,3.76,2.35,77,78,77,78,32,26.09,80,80,80,81,26,26.0,25,7,9,9,29,32,30,41.79,40.08,35.99,25,8,5,12,28,35,29,38.73,42.43,33.92
2024-09-22,2024-2025,brighton & hove albion,nottingham forest,2,2,D,1.79,3.91,4.51,78,77,77,78,31,24.09,78,80,77,79,29,25.18,25,9,10,6,38,38,37,38.06,39.41,35.66,25,14,5,6,41,29,47,38.78,34.49,37.21
2024-09-22,2024-2025,manchester city,arsenal,2,2,D,1.85,3.66,4.54,85,84,85,83,32,25.91,83,81,85,80,25,24.45,25,13,5,7,52,35,44,50.33,38.91,41.4,25,15,8,2,51,22,53,51.34,23.88,51.12
2024-09-28,2024-2025,newcastle united,manchester city,1,1,D,5.18,4.54,1.6,81,81,82,79,29,26.55,85,84,85,83,32,25.91,25,12,5,8,42,33,41,43.16,37.57,37.74,25,13,5,7,52,35,44,50.33,38.91,41.4
2024-09-28,2024-2025,arsenal,leicester city,4,2,H,1.18,8.27,14.09,83,81,85,80,25,24.45,75,77,75,75,31,25.91,25,15,8,2,51,22,53,51.34,23.88,51.12,25,4,5,16,25,55,17,28.12,56.51,19.03
2024-09-28,2024-2025,brentford,west ham united,1,1,D,2.23,3.63,3.22,76,78,76,76,27,25.18,79,73,79,77,27,27.64,25,10,4,11,43,42,34,44.24,44.36,32.97,25,7,6,12,29,47,27,35.06,50.71,25.27
2024-09-28,2024-2025,chelsea,brighton & hove albion,4,2,H,1.75,4.3,4.32,81,81,82,80,36,23.18,78,77,77,78,31,24.09,25,12,7,6,47,34,43,51.93,39.31,40.97,25,9,10,6,38,38,37,38.06,39.41,35.66
2024-09-28,2024-2025,everton,crystal palace,2,1,H,2.76,3.35,2.69,76,75,75,77,27,28.36,77,78,77,78,32,26.09,25,7,9,9,27,31,30,29.83,40.01,27.27,25,7,9,9,29,32,30,41.79,40.08,35.99
2024-09-28,2024-2025,nottingham forest,fulham fc,0,1,A,2.49,3.32,3.03,78,80,77,79,29,25.18,77,77,77,78,28,27.64,25,14,5,6,41,29,47,38.78,34.49,37.21,25,10,9,6,38,33,39,42.3,28.73,44.02
2024-09-28,2024-2025,wolverhampton wanderers,liverpool,1,2,A,8.09,5.63,1.36,76,77,76,76,32,26.27,84,83,84,84,29,27.0,25,5,4,16,35,54,19,28.19,44.51,24.55,25,18,6,1,60,24,60,63.67,25.68,57.39
2024-09-29,2024-2025,ipswich town,aston villa,2,2,D,4.34,3.77,1.85,75,76,74,74,28,25.73,81,81,80,80,23,26.36,25,3,8,14,23,50,17,27.74,57.77,17.98,25,10,8,7,35,38,38,44.51,36.34,39.95
2024-09-29,2024-2025,manchester united,tottenham hotspur,0,3,A,2.42,3.9,2.75,80,80,80,81,26,26.0,81,80,81,77,30,23.91,25,8,5,12,28,35,29,38.73,42.43,33.92,25,9,3,13,49,37,30,47.11,44.1,35.29
2024-09-30,2024-2025,afc bournemouth,southampton,3,1,H,1.65,4.37,5.01,77,75,76,76,30,24.27,74,74,73,73,33,25.18,25,12,7,6,44,29,43,52.83,35.79,46.17,25,2,3,20,19,57,9,29.76,66.87,15.57
2024-10-05,2024-2025,crystal palace,liverpool,0,1,A,6.38,4.71,1.5,77,78,77,78,32,26.09,84,83,84,84,29,27.0,25,7,9,9,29,32,30,41.79,40.08,35.99,25,18,6,1,60,24,60,63.67,25.68,57.39
2024-10-05,2024-2025,arsenal,southampton,3,1,H,1.13,9.46,19.13,83,81,85,80,25,24.45,74,74,73,73,33,25.18,25,15,8,2,51,22,53,51.34,23.88,51.12,25,2,3,20,19,57,9,29.76,66.87,15.57
2024-10-05,2024-2025,brentford,wolverhampton wanderers,5,3,H,2.14,3.62,3.44,76,78,76,76,27,25.18,76,77,76,76,32,26.27,25,10,4,11,43,42,34,44.24,44.36,32.97,25,5,4,16,35,54,19,28.19,44.51,24.55
2024-10-05,2024-2025,leicester city,afc bournemouth,1,0,H,3.35,3.63,2.17,75,77,75,75,31,25.91,77,75,76,76,30,24.27,25,4,5,16,25,55,17,28.12,56.51,19.03,25,12,7,6,44,29,43,52.83,35.79,46.17
2024-10-05,2024-2025,manchester city,fulham fc,3,2,H,1.23,7.15,10.66,85,84,85,83,32,25.91,77,77,77,78,28,27.64,25,13,5,7,52,35,44,50.33,38.91,41.4,25,10,9,6,38,33,39,42.3,28.73,44.02
2024-10-05,2024-2025,west ham united,ipswich town,4,1,H,1.81,4.02,4.29,79,73,79,77,27,27.64,75,76,74,74,28,25.73,25,7,6,12,29,47,27,35.06,50.71,25.27,25,3,8,14,23,50,17,27.74,57.77,17.98
2024-10-05,2024-2025,everton,newcastle united,0,0,D,3.18,3.59,2.27,76,75,75,77,27,28.36,81,81,82,79,29,26.55,25,7,9,9,27,31,30,29.83,40.01,27.27,25,12,5,8,42,33,41,43.16,37.57,37.74
2024-10-06,2024-2025,aston villa,manchester united,0,0,D,2.22,3.87,3.09,81,81,80,80,23,26.36,80,80,80,81,26,26.0,25,10,8,7,35,38,38,44.51,36.34,39.95,25,8,5,12,28,35,29,38.73,42.43,33.92
2024-10-06,2024-2025,chelsea,nottingham forest,1,1,D,1.5,4.81,6.2,81,81,82,80,36,23.18,78,80,77,79,29,25.18,25,12,7,6,47,34,43,51.93,39.31,40.97,25,14,5,6,41,29,47,38.78,34.49,37.21
2024-10-06,2024-2025,brighton & hove albion,tottenham hotspur,3,2,H,2.95,3.99,2.25,78,77,77,78,31,24.09,81,80,81,77,30,23.91,25,9,10,6,38,38,37,38.06,39.41,35.66,25,9,3,13,49,37,30,47.11,44.1,35.29
2024-10-19,2024-2025,tottenham hotspur,west ham united,4,1,H,1.5,5.01,5.88,81,80,81,77,30,23.91,79,73,79,77,27,27.64,25,9,3,13,49,37,30,47.11,44.1,35.29,25,7,6,12,29,47,27,35.06,50.71,25.27
2024-10-19,2024-2025,fulham fc,aston villa,1,3,A,2.46,3.5,2.94,77,77,77,78,28,27.64,81,81,80,80,23,26.36,25,10,9,6,38,33,39,42.3,28.73,44.02,25,10,8,7,35,38,38,44.51,36.34,39.95
2024-10-19,2024-2025,ipswich town,everton,0,2,A,2.4,3.43,3.07,75,76,74,74,28,25.73,76,75,75,77,27,28.36,25,3,8,14,23,50,17,27.74,57.77,17.98,25,7,9,9,27,31,30,29.83,40.01,27.27
2024-10-19,2024-2025,manchester united,brentford,2,1,H,1.72,4.37,4.43,80,80,80,81,26,26.0,76,78,76,76,27,25.18,25,8,5,12,28,35,29,38.73,42.43,33.92,25,10,4,11,43,42,34,44.24,44.36,32.97
2024-10-19,2024-2025,newcastle united,brighton & hove albion,0,1,A,2.01,3.91,3.55,81,81,82,79,29,26.55,78,77,77,78,31,24.09,25,12,5,8,42,33,41,43.16,37.57,37.74,25,9,10,6,38,38,37,38.06,39.41,35.66
2024-10-19,2024-2025,southampton,leicester city,2,3,A,2.34,3.53,3.09,74,74,73,73,33,25.18,75,77,75,75,31,25.91,25,2,3,20,19,57,9,29.76,66.87,15.57,25,4,5,16,25,55,17,28.12,56.51,19.03
2024-10-19,2024-2025,afc bournemouth,arsenal,2,0,H,5.01,4.13,1.68,77,75,76,76,30,24.27,83,81,85,80,25,24.45,25,12,7,6,44,29,43,52.83,35.79,46.17,25,15,8,2,51,22,53,51.34,23.88,51.12
2024-10-20,2024-2025,wolverhampton wanderers,manchester city,1,2,A,9.01,5.92,1.32,76,77,76,76,32,26.27,85,84,85,83,32,25.91,25,5,4,16,35,54,19,28.19,44.51,24.55,25,13,5,7,52,35,44,50.33,38.91,41.4
2024-10-20,2024-2025,liverpool,chelsea,2,1,H,1.62,4.47,5.08,84,83,84,84,29,27.0,81,81,82,80,36,23.18,25,18,6,1,60,24,60,63.67,25.68,57.39,25,12,7,6,47,34,43,51.93,39.31,40.97
2024-10-21,2024-2025,nottingham forest,crystal palace,1,0,H,2.41,3.28,3.19,78,80,77,79,29,25.18,77,78,77,78,32,26.09,25,14,5,6,41,29,47,38.78,34.49,37.21,25,7,9,9,29,32,30,41.79,40.08,35.99
2024-10-25,2024-2025,leicester city,nottingham forest,1,3,A,3.14,3.35,2.43,75,77,75,75,31,25.91,78,80,77,79,29,25.18,25,4,5,16,25,55,17,28.12,56.51,19.03,25,14,5,6,41,29,47,38.78,34.49,37.21
2024-10-26,2024-2025,aston villa,afc bournemouth,1,1,D,1.86,4.0,4.03,81,81,80,80,23,26.36,77,75,76,76,30,24.27,25,10,8,7,35,38,38,44.51,36.34,39.95,25,12,7,6,44,29,43,52.83,35.79,46.17
2024-10-26,2024-2025,brentford,ipswich town,4,3,H,1.65,4.35,4.94,76,78,76,76,27,25.18,75,76,74,74,28,25.73,25,10,4,11,43,42,34,44.24,44.36,32.97,25,3,8,14,23,50,17,27.74,57.77,17.98
2024-10-26,2024-2025,brighton & hove albion,wolverhampton wanderers,2,2,D,1.66,4.34,4.9,78,77,77,78,31,24.09,76,77,76,76,32,26.27,25,9,10,6,38,38,37,38.06,39.41,35.66,25,5,4,16,35,54,19,28.19,44.51,24.55
2024-10-26,2024-2025,manchester city,southampton,1,0,H,1.1,11.9,20.73,85,84,85,83,32,25.91,74,74,73,73,33,25.18,25,13,5,7,52,35,44,50.33,38.91,41.4,25,2,3,20,19,57,9,29.76,66.87,15.57
2024-10-26,2024-2025,everton,fulham fc,1,1,D,2.8,3.38,2.63,76,75,75,77,27,28.36,77,77,77,78,28,27.64,25,7,9,9,27,31,30,29.83,40.01,27.27,25,10,9,6,38,33,39,42.3,28.73,44.02
2024-10-27,2024-2025,chelsea,newcastle united,2,1,H,1.75,4.35,4.28,81,81,82,80,36,23.18,81,81,82,79,29,26.55,25,12,7,6,47,34,43,51.93,39.31,40.97,25,12,5,8,42,33,41,43.16,37.57,37.74
2024-10-27,2024-2025,crystal palace,tottenham hotspur,1,0,H,4.05,3.98,1.86,77,78,77,78,32,26.09,81,80,81,77,30,23.91,25,7,9,9,29,32,30,41.79,40.08,35.99,25,9,3,13,49,37,30,47.11,44.1,35.29
2024-10-27,2024-2025,west ham united,manchester united,2,1,H,2.94,3.73,2.35,79,73,79,77,27,27.64,80,80,80,81,26,26.0,25,7,6,12,29,47,27,35.06,50.71,25.27,25,8,5,12,28,35,29,38.73,42.43,33.92
2024-10-27,2024-2025,arsenal,liverpool,2,2,D,2.54,3.4,2.9,83,81,85,80,25,24.45,84,83,84,84,29,27.0,25,15,8,2,51,22,53,51.34,23.88,51.12,25,18,6,1,60,24,60,63.67,25.68,57.39
2024-11-02,2024-2025,newcastle united,arsenal,1,0,H,3.85,3.69,1.99,81,81,82,79,29,26.55,83,81,85,80,25,24.45,25,12,5,8,42,33,41,43.16,37.57,37.74,25,15,8,2,51,22,53,51.34,23.88,51.12
2024-11-02,2024-2025,afc bournemouth,manchester city,2,1,H,5.29,4.48,1.6,77,75,76,76,30,24.27,85,84,85,83,32,25.91,25,12,7,6,44,29,43,52.83,35.79,46.17,25,13,5,7,52,35,44,50.33,38.91,41.4
2024-11-02,2024-2025,ipswich town,leicester city,1,1,D,2.28,3.63,3.13,75,76,74,74,28,25.73,75,77,75,75,31,25.91,25,3,8,14,23,50,17,27.74,57.77,17.98,25,4,5,16,25,55,17,28.12,56.51,19.03
2024-11-02,2024-2025,liverpool,brighton & hove albion,2,1,H,1.39,5.54,7.11,84,83,84,84,29,27.0,78,77,77,78,31,24.09,25,18,6,1,60,24,60,63.67,25.68,57.39,25,9,10,6,38,38,37,38.06,39.41,35.66
2024-11-02,2024-2025,nottingham forest,west ham united,3,0,H,2.15,3.51,3.53,78,80,77,79,29,25.18,79,73,79,77,27,27.64,25,14,5,6,41,29,47,38.78,34.49,37.21,25,7,6,12,29,47,27,35.06,50.71,25.27
2024-11-02,2024-2025,southampton,everton,1,0,H,2.7,3.45,2.69,74,74,73,73,33,25.18,76,75,75,77,27,28.36,25,2,3,20,19,57,9,29.76,66.87,15.57,25,7,9,9,27,31,30,29.83,40.01,27.27
2024-11-02,2024-2025,wolverhampton wanderers,crystal palace,2,2,D,2.55,3.34,2.92,76,77,76,76,32,26.27,77,78,77,78,32,26.09,25,5,4,16,35,54,19,28.19,44.51,24.55,25,7,9,9,29,32,30,41.79,40.08,35.99
2024-11-03,2024-2025,tottenham hotspur,aston villa,4,1,H,1.97,4.07,3.55,81,80,81,77,30,23.91,81,81,80,80,23,26.36,25,9,3,13,49,37,30,47.11,44.1,35.29,25,10,8,7,35,38,38,44.51,36.34,39.95
2024-11-03,2024-2025,manchester united,chelsea,1,1,D,2.61,3.81,2.58,80,80,80,81,26,26.0,81,81,82,80,36,23.18,25,8,5,12,28,35,29,38.73,42.43,33.92,25,12,7,6,47,34,43,51.93,39.31,40.97
2024-11-04,2024-2025,fulham fc,brentford,2,1,H,2.04,3.73,3.61,77,77,77,78,28,27.64,76,78,76,76,27,25.18,25,10,9,6,38,33,39,42.3,28.73,44.02,25,10,4,11,43,42,34,44.24,44.36,32.97
2024-11-09,2024-2025,brentford,afc bournemouth,3,2,H,2.59,3.56,2.73,76,78,76,76,27,25.18,77,75,76,76,30,24.27,25,10,4,11,43,42,34,44.24,44.36,32.97,25,12,7,6,44,29,43,52.83,35.79,46.17
2024-11-09,2024-2025,crystal palace,fulham fc,0,2,A,2.79,3.44,2.6,77,78,77,78,32,26.09,77,77,77,78,28,27.64,25,7,9,9,29,32,30,41.79,40.08,35.99,25,10,9,6,38,33,39,42.3,28.73,44.02
2024-11-09,2024-2025,west ham united,everton,0,0,D,2.2,3.55,3.37,79,73,79,77,27,27.64,76,75,75,77,27,28.36,25,7,6,12,29,47,27,35.06,50.71,25.27,25,7,9,9,27,31,30,29.83,40.01,27.27
2024-11-09,2024-2025,wolverhampton wanderers,southampton,2,0,H,1.99,3.84,3.7,76,77,76,76,32,26.27,74,74,73,73,33,25.18,25,5,4,16,35,54,19,28.19,44.51,24.55,25,2,3,20,19,57,9,29.76,66.87,15.57
2024-11-09,2024-2025,brighton & hove albion,manchester city,2,1,H,4.49,4.18,1.74,78,77,77,78,31,24.09,85,84,85,83,32,25.91,25,9,10,6,38,38,37,38.06,39.41,35.66,25,13,5,7,52,35,44,50.33,38.91,41.4
2024-11-09,2024-2025,liverpool,aston villa,2,0,H,1.42,5.45,6.7,84,83,84,84,29,27.0,81,81,80,80,23,26.36,25,18,6,1,60,24,60,63.67,25.68,57.39,25,10,8,7,35,38,38,44.51,36.34,39.95
2024-11-10,2024-2025,manchester united,leicester city,3,0,H,1.39,5.34,7.62,80,80,80,81,26,26.0,75,77,75,75,31,25.91,25,8,5,12,28,35,29,38.73,42.43,33.92,25,4,5,16,25,55,17,28.12,56.51,19.03
2024-11-10,2024-2025,nottingham forest,newcastle united,1,3,A,2.71,3.29,2.78,78,80,77,79,29,25.18,81,81,82,79,29,26.55,25,14,5,6,41,29,47,38.78,34.49,37.21,25,12,5,8,42,33,41,43.16,37.57,37.74
2024-11-10,2024-2025,tottenham hotspur,ipswich town,1,2,A,1.25,6.95,9.87,81,80,81,77,30,23.91,75,76,74,74,28,25.73,25,9,3,13,49,37,30,47.11,44.1,35.29,25,3,8,14,23,50,17,27.74,57.77,17.98
2024-11-10,2024-2025,chelsea,arsenal,1,1,D,2.75,3.53,2.59,81,81,82,80,36,23.18,83,81,85,80,25,24.45,25,12,7,6,47,34,43,51.93,39.31,40.97,25,15,8,2,51,22,53,51.34,23.88,51.12
2024-11-23,2024-2025,leicester city,chelsea,1,2,A,7.05,4.78,1.46,75,77,75,75,31,25.91,81,81,82,80,36,23.18,25,4,5,16,25,55,17,28.12,56.51,19.03,25,12,7,6,47,34,43,51.93,39.31,40.97
2024-11-23,2024-2025,arsenal,nottingham forest,3,0,H,1.38,5.03,8.73,83,81,85,80,25,24.45,78,80,77,79,29,25.18,25,15,8,2,51,22,53,51.34,23.88,51.12,25,14,5,6,41,29,47,38.78,34.49,37.21
2024-11-23,2024-2025,aston villa,crystal palace,2,2,D,1.63,4.06,5.59,81,81,80,80,23,26.36,77,78,77,78,32,26.09,25,10,8,7,35,38,38,44.51,36.34,39.95,25,7,9,9,29,32,30,41.79,40.08,35.99
2024-11-23,2024-2025,afc bournemouth,brighton & hove albion,1,2,A,2.42,3.62,2.91,77,75,76,76,30,24.27,78,77,77,78,31,24.09,25,12,7,6,44,29,43,52.83,35.79,46.17,25,9,10,6,38,38,37,38.06,39.41,35.66
2024-11-23,2024-2025,everton,brentford,0,0,D,2.5,3.38,2.97,76,75,75,77,27,28.36,76,78,76,76,27,25.18,25,7,9,9,27,31,30,29.83,40.01,27.27,25,10,4,11,43,42,34,44.24,44.36,32.97
2024-11-23,2024-2025,fulham fc,wolverhampton wanderers,1,4,A,1.64,4.11,5.43,77,77,77,78,28,27.64,76,77,76,76,32,26.27,25,10,9,6,38,33,39,42.3,28.73,44.02,25,5,4,16,35,54,19,28.19,44.51,24.55
2024-11-23,2024-2025,manchester city,tottenham hotspur,0,4,A,1.48,4.98,6.13,85,84,85,83,32,25.91,81,80,81,77,30,23.91,25,13,5,7,52,35,44,50.33,38.91,41.4,25,9,3,13,49,37,30,47.11,44.1,35.29
2024-11-24,2024-2025,southampton,liverpool,2,3,A,10.83,5.79,1.28,74,74,73,73,33,25.18,84,83,84,84,29,27.0,25,2,3,20,19,57,9,29.76,66.87,15.57,25,18,6,1,60,24,60,63.67,25.68,57.39
2024-11-24,2024-2025,ipswich town,manchester united,1,1,D,5.24,4.25,1.64,75,76,74,74,28,25.73,80,80,80,81,26,26.0,25,3,8,14,23,50,17,27.74,57.77,17.98,25,8,5,12,28,35,29,38.73,42.43,33.92
2024-11-25,2024-2025,newcastle united,west ham united,0,2,A,1.5,4.58,6.49,81,81,82,79,29,26.55,79,73,79,77,27,27.64,25,12,5,8,42,33,41,43.16,37.57,37.74,25,7,6,12,29,47,27,35.06,50.71,25.27
2024-11-29,2024-2025,brighton & hove albion,southampton,1,1,D,1.39,5.33,7.66,78,77,77,78,31,24.09,74,74,73,73,33,25.18,25,9,10,6,38,38,37,38.06,39.41,35.66,25,2,3,20,19,57,9,29.76,66.87,15.57
2024-11-30,2024-2025,brentford,leicester city,4,1,H,1.65,4.33,4.98,76,78,76,76,27,25.18,75,77,75,75,31,25.91,25,10,4,11,43,42,34,44.24,44.36,32.97,25,4,5,16,25,55,17,28.12,56.51,19.03
2024-11-30,2024-2025,crystal palace,newcastle united,1,1,D,3.16,3.52,2.31,77,78,77,78,32,26.09,81,81,82,79,29,26.55,25,7,9,9,29,32,30,41.79,40.08,35.99,25,12,5,8,42,33,41,43.16,37.57,37.74
2024-11-30,2024-2025,nottingham forest,ipswich town,1,0,H,1.78,3.75,4.85,78,80,77,79,29,25.18,75,76,74,74,28,25.73,25,14,5,6,41,29,47,38.78,34.49,37.21,25,3,8,14,23,50,17,27.74,57.77,17.98
2024-11-30,2024-2025,wolverhampton wanderers,afc bournemouth,2,4,A,2.86,3.6,2.46,76,77,76,76,32,26.27,77,75,76,76,30,24.27,25,5,4,16,35,54,19,28.19,44.51,24.55,25,12,7,6,44,29,43,52.83,35.79,46.17
2024-11-30,2024-2025,west ham united,arsenal,2,5,A,7.07,4.76,1.46,79,73,79,77,27,27.64,83,81,85,80,25,24.45,25,7,6,12,29,47,27,35.06,50.71,25.27,25,15,8,2,51,22,53,51.34,23.88,51.12
2024-12-01,2024-2025,chelsea,aston villa,3,0,H,1.7,4.3,4.6,81,81,82,80,36,23.18,81,81,80,80,23,26.36,25,12,7,6,47,34,43,51.93,39.31,40.97,25,10,8,7,35,38,38,44.51,36.34,39.95
2024-12-01,2024-2025,manchester united,everton,4,0,H,1.55,4.36,6.17,80,80,80,81,26,26.0,76,75,75,77,27,28.36,25,8,5,12,28,35,29,38.73,42.43,33.92,25,7,9,9,27,31,30,29.83,40.01,27.27
2024-12-01,2024-2025,tottenham hotspur,fulham fc,1,1,D,1.75,4.35,4.28,81,80,81,77,30,23.91,77,77,77,78,28,27.64,25,9,3,13,49,37,30,47.11,44.1,35.29,25,10,9,6,38,33,39,42.3,28.73,44.02
2024-12-01,2024-2025,liverpool,manchester city,2,0,H,2.08,3.76,3.48,84,83,84,84,29,27.0,85,84,85,83,32,25.91,25,18,6,1,60,24,60,63.67,25.68,57.39,25,13,5,7,52,35,44,50.33,38.91,41.4
2024-12-03,2024-2025,ipswich town,crystal palace,0,1,A,3.15,3.41,2.39,75,76,74,74,28,25.73,77,78,77,78,32,26.09,25,3,8,14,23,50,17,27.74,57.77,17.98,25,7,9,9,29,32,30,41.79,40.08,35.99
2024-12-03,2024-2025,leicester city,west ham united,3,1,H,2.95,3.43,2.52,75,77,75,75,31,25.91,79,73,79,77,27,27.64,25,4,5,16,25,55,17,28.12,56.51,19.03,25,7,6,12,29,47,27,35.06,50.71,25.27
2024-12-04,2024-2025,everton,wolverhampton wanderers,4,0,H,2.16,3.4,3.62,76,75,75,77,27,28.36,76,77,76,76,32,26.27,25,7,9,9,27,31,30,29.83,40.01,27.27,25,5,4,16,35,54,19,28.19,44.51,24.55
2024-12-04,2024-2025,manchester city,nottingham forest,3,0,H,1.36,5.41,8.26,85,84,85,83,32,25.91,78,80,77,79,29,25.18,25,13,5,7,52,35,44,50.33,38.91,41.4,25,14,5,6,41,29,47,38.78,34.49,37.21
2024-12-04,2024-2025,newcastle united,liverpool,3,3,D,4.29,4.04,1.8,81,81,82,79,29,26.55,84,83,84,84,29,27.0,25,12,5,8,42,33,41,43.16,37.57,37.74,25,18,6,1,60,24,60,63.67,25.68,57.39
2024-12-04,2024-2025,southampton,chelsea,1,5,A,8.92,5.79,1.33,74,74,73,73,33,25.18,81,81,82,80,36,23.18,25,2,3,20,19,57,9,29.76,66.87,15.57,25,12,7,6,47,34,43,51.93,39.31,40.97
2024-12-04,2024-2025,arsenal,manchester united,2,0,H,1.45,4.87,7.03,83,81,85,80,25,24.45,80,80,80,81,26,26.0,25,15,8,2,51,22,53,51.34,23.88,51.12,25,8,5,12,28,35,29,38.73,42.43,33.92
2024-12-04,2024-2025,aston villa,brentford,3,1,H,1.8,3.91,4.44,81,81,80,80,23,26.36,76,78,76,76,27,25.18,25,10,8,7,35,38,38,44.51,36.34,39.95,25,10,4,11,43,42,34,44.24,44.36,32.97
2024-12-05,2024-2025,fulham fc,brighton & hove albion,3,1,H,2.37,3.69,2.94,77,77,77,78,28,27.64,78,77,77,78,31,24.09,25,10,9,6,38,33,39,42.3,28.73,44.02,25,9,10,6,38,38,37,38.06,39.41,35.66
2024-12-05,2024-2025,afc bournemouth,tottenham hotspur,1,0,H,2.67,3.92,2.47,77,75,76,76,30,24.27,81,80,81,77,30,23.91,25,12,7,6,44,29,43,52.83,35.79,46.17,25,9,3,13,49,37,30,47.11,44.1,35.29
2024-12-07,2024-2025,aston villa,southampton,1,0,H,1.37,5.48,7.77,81,81,80,80,23,26.36,74,74,73,73,33,25.18,25,10,8,7,35,38,38,44.51,36.34,39.95,25,2,3,20,19,57,9,29.76,66.87,15.57
2024-12-07,2024-2025,brentford,newcastle united,4,2,H,2.88,3.75,2.38,76,78,76,76,27,25.18,81,81,82,79,29,26.55,25,10,4,11,43,42,34,44.24,44.36,32.97,25,12,5,8,42,33,41,43.16,37.57,37.74
2024-12-07,2024-2025,crystal palace,manchester city,2,2,D,5.38,4.39,1.6,77,78,77,78,32,26.09,85,84,85,83,32,25.91,25,7,9,9,29,32,30,41.79,40.08,35.99,25,13,5,7,52,35,44,50.33,38.91,41.4
2024-12-07,2024-2025,manchester united,nottingham forest,2,3,A,1.68,4.05,5.18,80,80,80,81,26,26.0,78,80,77,79,29,25.18,25,8,5,12,28,35,29,38.73,42.43,33.92,25,14,5,6,41,29,47,38.78,34.49,37.21
2024-12-08,2024-2025,fulham fc,arsenal,1,1,D,5.33,4.22,1.63,77,77,77,78,28,27.64,83,81,85,80,25,24.45,25,10,9,6,38,33,39,42.3,28.73,44.02,25,15,8,2,51,22,53,51.34,23.88,51.12
2024-12-08,2024-2025,ipswich town,afc bournemouth,1,2,A,3.68,3.76,2.01,75,76,74,74,28,25.73,77,75,76,76,30,24.27,25,3,8,14,23,50,17,27.74,57.77,17.98,25,12,7,6,44,29,43,52.83,35.79,46.17
2024-12-08,2024-2025,leicester city,brighton & hove albion,2,2,D,4.69,4.07,1.73,75,77,75,75,31,25.91,78,77,77,78,31,24.09,25,4,5,16,25,55,17,28.12,56.51,19.03,25,9,10,6,38,38,37,38.06,39.41,35.66
2024-12-08,2024-2025,tottenham hotspur,chelsea,3,4,A,3.23,4.13,2.07,81,80,81,77,30,23.91,81,81,82,80,36,23.18,25,9,3,13,49,37,30,47.11,44.1,35.29,25,12,7,6,47,34,43,51.93,39.31,40.97
2024-12-09,2024-2025,west ham united,wolverhampton wanderers,2,1,H,1.95,3.88,3.76,79,73,79,77,27,27.64,76,77,76,76,32,26.27,25,7,6,12,29,47,27,35.06,50.71,25.27,25,5,4,16,35,54,19,28.19,44.51,24.55
2024-12-14,2024-2025,arsenal,everton,0,0,D,1.23,6.63,12.95,83,81,85,80,25,24.45,76,75,75,77,27,28.36,25,15,8,2,51,22,53,51.34,23.88,51.12,25,7,9,9,27,31,30,29.83,40.01,27.27
2024-12-14,2024-2025,liverpool,fulham fc,2,2,D,1.32,6.04,8.88,84,83,84,84,29,27.0,77,77,77,78,28,27.64,25,18,6,1,60,24,60,63.67,25.68,57.39,25,10,9,6,38,33,39,42.3,28.73,44.02
2024-12-14,2024-2025,newcastle united,leicester city,4,0,H,1.3,6.02,8.95,81,81,82,79,29,26.55,75,77,75,75,31,25.91,25,12,5,8,42,33,41,43.16,37.57,37.74,25,4,5,16,25,55,17,28.12,56.51,19.03
2024-12-14,2024-2025,wolverhampton wanderers,ipswich town,1,2,A,1.91,3.91,3.93,76,77,76,76,32,26.27,75,76,74,74,28,25.73,25,5,4,16,35,54,19,28.19,44.51,24.55,25,3,8,14,23,50,17,27.74,57.77,17.98
2024-12-14,2024-2025,nottingham forest,aston villa,2,1,H,2.67,3.38,2.76,78,80,77,79,29,25.18,81,81,80,80,23,26.36,25,14,5,6,41,29,47,38.78,34.49,37.21,25,10,8,7,35,38,38,44.51,36.34,39.95
2024-12-15,2024-2025,brighton & hove albion,crystal palace,1,3,A,1.9,3.89,3.97,78,77,77,78,31,24.09,77,78,77,78,32,26.09,25,9,10,6,38,38,37,38.06,39.41,35.66,25,7,9,9,29,32,30,41.79,40.08,35.99
2024-12-15,2024-2025,manchester city,manchester united,1,2,A,1.6,4.65,5.07,85,84,85,83,32,25.91,80,80,80,81,26,26.0,25,13,5,7,52,35,44,50.33,38.91,41.4,25,8,5,12,28,35,29,38.73,42.43,33.92
2024-12-15,2024-2025,chelsea,brentford,2,1,H,1.33,6.05,8.44,81,81,82,80,36,23.18,76,78,76,76,27,25.18,25,12,7,6,47,34,43,51.93,39.31,40.97,25,10,4,11,43,42,34,44.24,44.36,32.97
2024-12-15,2024-2025,southampton,tottenham hotspur,0,5,A,4.47,4.51,1.69,74,74,73,73,33,25.18,81,80,81,77,30,23.91,25,2,3,20,19,57,9,29.76,66.87,15.57,25,9,3,13,49,37,30,47.11,44.1,35.29
2024-12-16,2024-2025,afc bournemouth,west ham united,1,1,D,1.72,4.27,4.49,77,75,76,76,30,24.27,79,73,79,77,27,27.64,25,12,7,6,44,29,43,52.83,35.79,46.17,25,7,6,12,29,47,27,35.06,50.71,25.27
2024-12-21,2024-2025,aston villa,manchester city,2,1,H,3.3,3.79,2.14,81,81,80,80,23,26.36,85,84,85,83,32,25.91,25,10,8,7,35,38,38,44.51,36.34,39.95,25,13,5,7,52,35,44,50.33,38.91,41.4
2024-12-21,2024-2025,brentford,nottingham forest,0,2,A,2.39,3.47,3.07,76,78,76,76,27,25.18,78,80,77,79,29,25.18,25,10,4,11,43,42,34,44.24,44.36,32.97,25,14,5,6,41,29,47,38.78,34.49,37.21
2024-12-21,2024-2025,ipswich town,newcastle united,0,4,A,4.69,4.02,1.74,75,76,74,74,28,25.73,81,81,82,79,29,26.55,25,3,8,14,23,50,17,27.74,57.77,17.98,25,12,5,8,42,33,41,43.16,37.57,37.74
2024-12-21,2024-2025,west ham united,brighton & hove albion,1,1,D,2.8,3.83,2.41,79,73,79,77,27,27.64,78,77,77,78,31,24.09,25,7,6,12,29,47,27,35.06,50.71,25.27,25,9,10,6,38,38,37,38.06,39.41,35.66
2024-12-21,2024-2025,crystal palace,arsenal,1,5,A,6.75,4.17,1.54,77,78,77,78,32,26.09,83,81,85,80,25,24.45,25,7,9,9,29,32,30,41.79,40.08,35.99,25,15,8,2,51,22,53,51.34,23.88,51.12
2024-12-22,2024-2025,everton,chelsea,0,0,D,5.48,4.09,1.64,76,75,75,77,27,28.36,81,81,82,80,36,23.18,25,7,9,9,27,31,30,29.83,40.01,27.27,25,12,7,6,47,34,43,51.93,39.31,40.97
2024-12-22,2024-2025,fulham fc,southampton,0,0,D,1.42,5.06,7.35,77,77,77,78,28,27.64,74,74,73,73,33,25.18,25,10,9,6,38,33,39,42.3,28.73,44.02,25,2,3,20,19,57,9,29.76,66.87,15.57
2024-12-22,2024-2025,leicester city,wolverhampton wanderers,0,3,A,2.63,3.58,2.68,75,77,75,75,31,25.91,76,77,76,76,32,26.27,25,4,5,16,25,55,17,28.12,56.51,19.03,25,5,4,16,35,54,19,28.19,44.51,24.55
2024-12-22,2024-2025,manchester united,afc bournemouth,0,3,A,1.86,3.87,4.16,80,80,80,81,26,26.0,77,75,76,76,30,24.27,25,8,5,12,28,35,29,38.73,42.43,33.92,25,12,7,6,44,29,43,52.83,35.79,46.17
2024-12-22,2024-2025,tottenham hotspur,liverpool,3,6,A,4.47,4.37,1.71,81,80,81,77,30,23.91,84,83,84,84,29,27.0,25,9,3,13,49,37,30,47.11,44.1,35.29,25,18,6,1,60,24,60,63.67,25.68,57.39
2024-12-26,2024-2025,manchester city,everton,1,1,D,1.34,5.73,8.52,85,84,85,83,32,25.91,76,75,75,77,27,28.36,25,13,5,7,52,35,44,50.33,38.91,41.4,25,7,9,9,27,31,30,29.83,40.01,27.27
2024-12-26,2024-2025,afc bournemouth,crystal palace,0,0,D,1.92,3.85,3.94,77,75,76,76,30,24.27,77,78,77,78,32,26.09,25,12,7,6,44,29,43,52.83,35.79,46.17,25,7,9,9,29,32,30,41.79,40.08,35.99
2024-12-26,2024-2025,chelsea,fulham fc,1,2,A,1.47,4.98,6.32,81,81,82,80,36,23.18,77,77,77,78,28,27.64,25,12,7,6,47,34,43,51.93,39.31,40.97,25,10,9,6,38,33,39,42.3,28.73,44.02
2024-12-26,2024-2025,newcastle united,aston villa,3,0,H,1.94,4.02,3.69,81,81,82,79,29,26.55,81,81,80,80,23,26.36,25,12,5,8,42,33,41,43.16,37.57,37.74,25,10,8,7,35,38,38,44.51,36.34,39.95
2024-12-26,2024-2025,nottingham forest,tottenham hotspur,1,0,H,2.37,3.81,2.87,78,80,77,79,29,25.18,81,80,81,77,30,23.91,25,14,5,6,41,29,47,38.78,34.49,37.21,25,9,3,13,49,37,30,47.11,44.1,35.29
2024-12-26,2024-2025,southampton,west ham united,0,1,A,3.28,3.62,2.21,74,74,73,73,33,25.18,79,73,79,77,27,27.64,25,2,3,20,19,57,9,29.76,66.87,15.57,25,7,6,12,29,47,27,35.06,50.71,25.27
2024-12-26,2024-2025,wolverhampton wanderers,manchester united,2,0,H,3.95,3.74,1.94,76,77,76,76,32,26.27,80,80,80,81,26,26.0,25,5,4,16,35,54,19,28.19,44.51,24.55,25,8,5,12,28,35,29,38.73,42.43,33.92
2024-12-26,2024-2025,liverpool,leicester city,3,1,H,1.08,13.84,24.96,84,83,84,84,29,27.0,75,77,75,75,31,25.91,25,18,6,1,60,24,60,63.67,25.68,57.39,25,4,5,16,25,55,17,28.12,56.51,19.03
2024-12-27,2024-2025,brighton & hove albion,brentford,0,0,D,1.64,4.54,4.96,78,77,77,78,31,24.09,76,78,76,76,27,25.18,25,9,10,6,38,38,37,38.06,39.41,35.66,25,10,4,11,43,42,34,44.24,44.36,32.97
2024-12-27,2024-2025,arsenal,ipswich town,1,0,H,1.15,8.67,20.05,83,81,85,80,25,24.45,75,76,74,74,28,25.73,25,15,8,2,51,22,53,51.34,23.88,51.12,25,3,8,14,23,50,17,27.74,57.77,17.98
2024-12-29,2024-2025,leicester city,manchester city,0,2,A,8.42,5.9,1.33,75,77,75,75,31,25.91,85,84,85,83,32,25.91,25,4,5,16,25,55,17,28.12,56.51,19.03,25,13,5,7,52,35,44,50.33,38.91,41.4
2024-12-29,2024-2025,crystal palace,southampton,2,1,H,1.64,4.13,5.4,77,78,77,78,32,26.09,74,74,73,73,33,25.18,25,7,9,9,29,32,30,41.79,40.08,35.99,25,2,3,20,19,57,9,29.76,66.87,15.57
2024-12-29,2024-2025,everton,nottingham forest,0,2,A,2.69,3.18,2.88,76,75,75,77,27,28.36,78,80,77,79,29,25.18,25,7,9,9,27,31,30,29.83,40.01,27.27,25,14,5,6,41,29,47,38.78,34.49,37.21
2024-12-29,2024-2025,fulham fc,afc bournemouth,2,2,D,2.37,3.59,3.0,77,77,77,78,28,27.64,77,75,76,76,30,24.27,25,10,9,6,38,33,39,42.3,28.73,44.02,25,12,7,6,44,29,43,52.83,35.79,46.17
2024-12-29,2024-2025,tottenham hotspur,wolverhampton wanderers,2,2,D,1.63,4.91,4.57,81,80,81,77,30,23.91,76,77,76,76,32,26.27,25,9,3,13,49,37,30,47.11,44.1,35.29,25,5,4,16,35,54,19,28.19,44.51,24.55
2024-12-29,2024-2025,west ham united,liverpool,0,5,A,7.32,5.34,1.4,79,73,79,77,27,27.64,84,83,84,84,29,27.0,25,7,6,12,29,47,27,35.06,50.71,25.27,25,18,6,1,60,24,60,63.67,25.68,57.39
2024-12-30,2024-2025,aston villa,brighton & hove albion,2,2,D,1.99,3.91,3.62,81,81,80,80,23,26.36,78,77,77,78,31,24.09,25,10,8,7,35,38,38,44.51,36.34,39.95,25,9,10,6,38,38,37,38.06,39.41,35.66
2024-12-30,2024-2025,ipswich town,chelsea,2,0,H,7.1,5.2,1.42,75,76,74,74,28,25.73,81,81,82,80,36,23.18,25,3,8,14,23,50,17,27.74,57.77,17.98,25,12,7,6,47,34,43,51.93,39.31,40.97
2024-12-30,2024-2025,manchester united,newcastle united,0,2,A,2.72,3.68,2.54,80,80,80,81,26,26.0,81,81,82,79,29,26.55,25,8,5,12,28,35,29,38.73,42.43,33.92,25,12,5,8,42,33,41,43.16,37.57,37.74
2025-01-01,2024-2025,brentford,arsenal,1,3,A,6.98,4.93,1.44,76,78,76,76,27,25.18,83,81,85,80,25,24.45,25,10,4,11,43,42,34,44.24,44.36,32.97,25,15,8,2,51,22,53,51.34,23.88,51.12
2025-01-04,2024-2025,tottenham hotspur,newcastle united,1,2,A,2.97,4.06,2.22,81,80,81,77,30,23.91,81,81,82,79,29,26.55,25,9,3,13,49,37,30,47.11,44.1,35.29,25,12,5,8,42,33,41,43.16,37.57,37.74
2025-01-04,2024-2025,aston villa,leicester city,2,1,H,1.32,5.64,9.41,81,81,80,80,23,26.36,75,77,75,75,31,25.91,25,10,8,7,35,38,38,44.51,36.34,39.95,25,4,5,16,25,55,17,28.12,56.51,19.03
2025-01-04,2024-2025,afc bournemouth,everton,1,0,H,1.75,3.91,4.82,77,75,76,76,30,24.27,76,75,75,77,27,28.36,25,12,7,6,44,29,43,52.83,35.79,46.17,25,7,9,9,27,31,30,29.83,40.01,27.27
2025-01-04,2024-2025,crystal palace,chelsea,1,1,D,3.69,3.97,1.95,77,78,77,78,32,26.09,81,81,82,80,36,23.18,25,7,9,9,29,32,30,41.79,40.08,35.99,25,12,7,6,47,34,43,51.93,39.31,40.97
2025-01-04,2024-2025,manchester city,west ham united,4,1,H,1.32,6.41,8.2,85,84,85,83,32,25.91,79,73,79,77,27,27.64,25,13,5,7,52,35,44,50.33,38.91,41.4,25,7,6,12,29,47,27,35.06,50.71,25.27
2025-01-04,2024-2025,southampton,brentford,0,5,A,2.95,3.59,2.41,74,74,73,73,33,25.18,76,78,76,76,27,25.18,25,2,3,20,19,57,9,29.76,66.87,15.57,25,10,4,11,43,42,34,44.24,44.36,32.97
2025-01-04,2024-2025,brighton & hove albion,arsenal,1,1,D,4.62,3.7,1.82,78,77,77,78,31,24.09,83,81,85,80,25,24.45,25,9,10,6,38,38,37,38.06,39.41,35.66,25,15,8,2,51,22,53,51.34,23.88,51.12
2025-01-05,2024-2025,fulham fc,ipswich town,2,2,D,1.56,4.46,5.71,77,77,77,78,28,27.64,75,76,74,74,28,25.73,25,10,9,6,38,33,39,42.3,28.73,44.02,25,3,8,14,23,50,17,27.74,57.77,17.98
2025-01-05,2024-2025,liverpool,manchester united,2,2,D,1.29,6.14,9.37,84,83,84,84,29,27.0,80,80,80,81,26,26.0,25,18,6,1,60,24,60,63.67,25.68,57.39,25,8,5,12,28,35,29,38.73,42.43,33.92
2025-01-06,2024-2025,wolverhampton wanderers,nottingham forest,0,3,A,3.44,3.22,2.31,76,77,76,76,32,26.27,78,80,77,79,29,25.18,25,5,4,16,35,54,19,28.19,44.51,24.55,25,14,5,6,41,29,47,38.78,34.49,37.21
2025-01-14,2024-2025,brentford,manchester city,2,2,D,4.9,4.56,1.65,76,78,76,76,27,25.18,85,84,85,83,32,25.91,25,10,4,11,43,42,34,44.24,44.36,32.97,25,13,5,7,52,35,44,50.33,38.91,41.4
2025-01-14,2024-2025,chelsea,afc bournemouth,2,2,D,1.5,4.96,6.17,81,81,82,80,36,23.18,77,75,76,76,30,24.27,25,12,7,6,47,34,43,51.93,39.31,40.97,25,12,7,6,44,29,43,52.83,35.79,46.17
2025-01-14,2024-2025,west ham united,fulham fc,3,2,H,3.03,3.54,2.41,79,73,79,77,27,27.64,77,77,77,78,28,27.64,25,7,6,12,29,47,27,35.06,50.71,25.27,25,10,9,6,38,33,39,42.3,28.73,44.02
2025-01-14,2024-2025,nottingham forest,liverpool,1,1,D,5.28,4.24,1.65,78,80,77,79,29,25.18,84,83,84,84,29,27.0,25,14,5,6,41,29,47,38.78,34.49,37.21,25,18,6,1,60,24,60,63.67,25.68,57.39
2025-01-15,2024-2025,everton,aston villa,0,1,A,3.26,3.31,2.36,76,75,75,77,27,28.36,81,81,80,80,23,26.36,25,7,9,9,27,31,30,29.83,40.01,27.27,25,10,8,7,35,38,38,44.51,36.34,39.95
2025-01-15,2024-2025,leicester city,crystal palace,0,2,A,4.01,3.76,1.93,75,77,75,75,31,25.91,77,78,77,78,32,26.09,25,4,5,16,25,55,17,28.12,56.51,19.03,25,7,9,9,29,32,30,41.79,40.08,35.99
2025-01-15,2024-2025,newcastle united,wolverhampton wanderers,3,0,H,1.36,5.73,7.91,81,81,82,79,29,26.55,76,77,76,76,32,26.27,25,12,5,8,42,33,41,43.16,37.57,37.74,25,5,4,16,35,54,19,28.19,44.51,24.55
2025-01-15,2024-2025,arsenal,tottenham hotspur,2,1,H,1.4,5.54,6.88,83,81,85,80,25,24.45,81,80,81,77,30,23.91,25,15,8,2,51,22,53,51.34,23.88,51.12,25,9,3,13,49,37,30,47.11,44.1,35.29
2025-01-16,2024-2025,ipswich town,brighton & hove albion,0,2,A,3.84,3.78,1.96,75,76,74,74,28,25.73,78,77,77,78,31,24.09,25,3,8,14,23,50,17,27.74,57.77,17.98,25,9,10,6,38,38,37,38.06,39.41,35.66
2025-01-16,2024-2025,manchester united,southampton,3,1,H,1.31,5.97,9.23,80,80,80,81,26,26.0,74,74,73,73,33,25.18,25,8,5,12,28,35,29,38.73,42.43,33.92,25,2,3,20,19,57,9,29.76,66.87,15.57
2025-01-18,2024-2025,newcastle united,afc bournemouth,1,4,A,1.65,4.33,4.99,81,81,82,79,29,26.55,77,75,76,76,30,24.27,25,12,5,8,42,33,41,43.16,37.57,37.74,25,12,7,6,44,29,43,52.83,35.79,46.17
2025-01-18,2024-2025,brentford,liverpool,0,2,A,6.49,5.33,1.43,76,78,76,76,27,25.18,84,83,84,84,29,27.0,25,10,4,11,43,42,34,44.24,44.36,32.97,25,18,6,1,60,24,60,63.67,25.68,57.39
2025-01-18,2024-2025,leicester city,fulham fc,0,2,A,4.38,3.91,1.81,75,77,75,75,31,25.91,77,77,77,78,28,27.64,25,4,5,16,25,55,17,28.12,56.51,19.03,25,10,9,6,38,33,39,42.3,28.73,44.02
2025-01-18,2024-2025,west ham united,crystal palace,0,2,A,2.65,3.49,2.7,79,73,79,77,27,27.64,77,78,77,78,32,26.09,25,7,6,12,29,47,27,35.06,50.71,25.27,25,7,9,9,29,32,30,41.79,40.08,35.99
2025-01-18,2024-2025,arsenal,aston villa,2,2,D,1.53,4.4,6.38,83,81,85,80,25,24.45,81,81,80,80,23,26.36,25,15,8,2,51,22,53,51.34,23.88,51.12,25,10,8,7,35,38,38,44.51,36.34,39.95
2025-01-19,2024-2025,everton,tottenham hotspur,3,2,H,2.97,3.45,2.46,76,75,75,77,27,28.36,81,80,81,77,30,23.91,25,7,9,9,27,31,30,29.83,40.01,27.27,25,9,3,13,49,37,30,47.11,44.1,35.29
2025-01-19,2024-2025,manchester united,brighton & hove albion,1,3,A,2.11,3.77,3.39,80,80,80,81,26,26.0,78,77,77,78,31,24.09,25,8,5,12,28,35,29,38.73,42.43,33.92,25,9,10,6,38,38,37,38.06,39.41,35.66
2025-01-19,2024-2025,nottingham forest,southampton,3,2,H,1.4,4.92,8.27,78,80,77,79,29,25.18,74,74,73,73,33,25.18,25,14,5,6,41,29,47,38.78,34.49,37.21,25,2,3,20,19,57,9,29.76,66.87,15.57
2025-01-19,2024-2025,ipswich town,manchester city,0,6,A,7.76,5.51,1.37,75,76,74,74,28,25.73,85,84,85,83,32,25.91,25,3,8,14,23,50,17,27.74,57.77,17.98,25,13,5,7,52,35,44,50.33,38.91,41.4
2025-01-20,2024-2025,chelsea,wolverhampton wanderers,3,1,H,1.38,5.69,7.16,81,81,82,80,36,23.18,76,77,76,76,32,26.27,25,12,7,6,47,34,43,51.93,39.31,40.97,25,5,4,16,35,54,19,28.19,44.51,24.55
2025-01-25,2024-2025,afc bournemouth,nottingham forest,5,0,H,2.11,3.7,3.45,77,75,76,76,30,24.27,78,80,77,79,29,25.18,25,12,7,6,44,29,43,52.83,35.79,46.17,25,14,5,6,41,29,47,38.78,34.49,37.21
2025-01-25,2024-2025,brighton & hove albion,everton,0,1,A,1.68,3.83,5.5,78,77,77,78,31,24.09,76,75,75,77,27,28.36,25,9,10,6,38,38,37,38.06,39.41,35.66,25,7,9,9,27,31,30,29.83,40.01,27.27
2025-01-25,2024-2025,liverpool,ipswich town,4,1,H,1.1,11.75,21.77,84,83,84,84,29,27.0,75,76,74,74,28,25.73,25,18,6,1,60,24,60,63.67,25.68,57.39,25,3,8,14,23,50,17,27.74,57.77,17.98
2025-01-25,2024-2025,southampton,newcastle united,1,3,A,7.05,5.17,1.42,74,74,73,73,33,25.18,81,81,82,79,29,26.55,25,2,3,20,19,57,9,29.76,66.87,15.57,25,12,5,8,42,33,41,43.16,37.57,37.74
2025-01-25,2024-2025,wolverhampton wanderers,arsenal,0,1,A,6.86,4.74,1.47,76,77,76,76,32,26.27,83,81,85,80,25,24.45,25,5,4,16,35,54,19,28.19,44.51,24.55,25,15,8,2,51,22,53,51.34,23.88,51.12
2025-01-25,2024-2025,manchester city,chelsea,3,1,H,2.03,4.09,3.36,85,84,85,83,32,25.91,81,81,82,80,36,23.18,25,13,5,7,52,35,44,50.33,38.91,41.4,25,12,7,6,47,34,43,51.93,39.31,40.97
2025-01-26,2024-2025,crystal palace,brentford,1,2,A,2.06,3.7,3.59,77,78,77,78,32,26.09,76,78,76,76,27,25.18,25,7,9,9,29,32,30,41.79,40.08,35.99,25,10,4,11,43,42,34,44.24,44.36,32.97
2025-01-26,2024-2025,tottenham hotspur,leicester city,1,2,A,1.46,5.37,5.94,81,80,81,77,30,23.91,75,77,75,75,31,25.91,25,9,3,13,49,37,30,47.11,44.1,35.29,25,4,5,16,25,55,17,28.12,56.51,19.03
2025-01-26,2024-2025,aston villa,west ham united,1,1,D,1.55,4.46,5.99,81,81,80,80,23,26.36,79,73,79,77,27,27.64,25,10,8,7,35,38,38,44.51,36.34,39.95,25,7,6,12,29,47,27,35.06,50.71,25.27
2025-01-26,2024-2025,fulham fc,manchester united,0,1,A,2.32,3.48,3.18,77,77,77,78,28,27.64,80,80,80,81,26,26.0,25,10,9,6,38,33,39,42.3,28.73,44.02,25,8,5,12,28,35,29,38.73,42.43,33.92
2025-02-01,2024-2025,nottingham forest,brighton & hove albion,7,0,H,2.46,3.43,2.99,78,80,77,79,29,25.18,78,77,77,78,31,24.09,25,14,5,6,41,29,47,38.78,34.49,37.21,25,9,10,6,38,38,37,38.06,39.41,35.66
2025-02-01,2024-2025,afc bournemouth,liverpool,0,2,A,4.68,4.35,1.68,77,75,76,76,30,24.27,84,83,84,84,29,27.0,25,12,7,6,44,29,43,52.83,35.79,46.17,25,18,6,1,60,24,60,63.67,25.68,57.39
2025-02-01,2024-2025,everton,leicester city,4,0,H,1.81,3.7,4.73,76,75,75,77,27,28.36,75,77,75,75,31,25.91,25,7,9,9,27,31,30,29.83,40.01,27.27,25,4,5,16,25,55,17,28.12,56.51,19.03
2025-02-01,2024-2025,ipswich town,southampton,1,2,A,2.0,3.71,3.78,75,76,74,74,28,25.73,74,74,73,73,33,25.18,25,3,8,14,23,50,17,27.74,57.77,17.98,25,2,3,20,19,57,9,29.76,66.87,15.57
2025-02-01,2024-2025,newcastle united,fulham fc,1,2,A,1.71,4.14,4.74,81,81,82,79,29,26.55,77,77,77,78,28,27.64,25,12,5,8,42,33,41,43.16,37.57,37.74,25,10,9,6,38,33,39,42.3,28.73,44.02
2025-02-01,2024-2025,wolverhampton wanderers,aston villa,2,0,H,3.43,3.56,2.17,76,77,76,76,32,26.27,81,81,80,80,23,26.36,25,5,4,16,35,54,19,28.19,44.51,24.55,25,10,8,7,35,38,38,44.51,36.34,39.95
2025-02-02,2024-2025,brentford,tottenham hotspur,0,2,A,2.12,3.88,3.11,76,78,76,76,27,25.18,81,80,81,77,30,23.91,25,10,4,11,43,42,34,44.24,44.36,32.97,25,9,3,13,49,37,30,47.11,44.1,35.29
2025-02-02,2024-2025,manchester united,crystal palace,0,2,A,1.98,3.49,3.83,80,80,80,81,26,26.0,77,78,77,78,32,26.09,25,8,5,12,28,35,29,38.73,42.43,33.92,25,7,9,9,29,32,30,41.79,40.08,35.99
2025-02-02,2024-2025,arsenal,manchester city,5,1,H,1.93,3.63,3.85,83,81,85,80,25,24.45,85,84,85,83,32,25.91,25,15,8,2,51,22,53,51.34,23.88,51.12,25,13,5,7,52,35,44,50.33,38.91,41.4
2025-02-03,2024-2025,chelsea,west ham united,2,1,H,1.36,5.92,7.51,81,81,82,80,36,23.18,79,73,79,77,27,27.64,25,12,7,6,47,34,43,51.93,39.31,40.97,25,7,6,12,29,47,27,35.06,50.71,25.27
2025-02-12,2024-2025,everton,liverpool,2,2,D,7.36,4.73,1.45,76,75,75,77,27,28.36,84,83,84,84,29,27.0,25,7,9,9,27,31,30,29.83,40.01,27.27,25,18,6,1,60,24,60,63.67,25.68,57.39
2025-02-14,2024-2025,brighton & hove albion,chelsea,3,0,H,2.92,3.65,2.43,78,77,77,78,31,24.09,81,81,82,80,36,23.18,25,9,10,6,38,38,37,38.06,39.41,35.66,25,12,7,6,47,34,43,51.93,39.31,40.97
2025-02-15,2024-2025,leicester city,arsenal,0,2,A,9.47,5.42,1.34,75,77,75,75,31,25.91,83,81,85,80,25,24.45,25,4,5,16,25,55,17,28.12,56.51,19.03,25,15,8,2,51,22,53,51.34,23.88,51.12
2025-02-15,2024-2025,aston villa,ipswich town,1,1,D,1.41,5.02,7.6,81,81,80,80,23,26.36,75,76,74,74,28,25.73,25,10,8,7,35,38,38,44.51,36.34,39.95,25,3,8,14,23,50,17,27.74,57.77,17.98
2025-02-15,2024-2025,fulham fc,nottingham forest,2,1,H,2.23,3.38,3.47,77,77,77,78,28,27.64,78,80,77,79,29,25.18,25,10,9,6,38,33,39,42.3,28.73,44.02,25,14,5,6,41,29,47,38.78,34.49,37.21
2025-02-15,2024-2025,manchester city,newcastle united,4,0,H,1.99,4.09,3.49,85,84,85,83,32,25.91,81,81,82,79,29,26.55,25,13,5,7,52,35,44,50.33,38.91,41.4,25,12,5,8,42,33,41,43.16,37.57,37.74
2025-02-15,2024-2025,southampton,afc bournemouth,1,3,A,6.01,4.65,1.52,74,74,73,73,33,25.18,77,75,76,76,30,24.27,25,2,3,20,19,57,9,29.76,66.87,15.57,25,12,7,6,44,29,43,52.83,35.79,46.17
2025-02-15,2024-2025,west ham united,brentford,0,1,A,2.43,3.71,2.83,79,73,79,77,27,27.64,76,78,76,76,27,25.18,25,7,6,12,29,47,27,35.06,50.71,25.27,25,10,4,11,43,42,34,44.24,44.36,32.97
2025-02-15,2024-2025,crystal palace,everton,1,2,A,1.79,3.5,5.17,77,78,77,78,32,26.09,76,75,75,77,27,28.36,25,7,9,9,29,32,30,41.79,40.08,35.99,25,7,9,9,27,31,30,29.83,40.01,27.27
2025-02-16,2024-2025,liverpool,wolverhampton wanderers,2,1,H,1.19,8.22,12.7,84,83,84,84,29,27.0,76,77,76,76,32,26.27,25,18,6,1,60,24,60,63.67,25.68,57.39,25,5,4,16,35,54,19,28.19,44.51,24.55
2025-02-16,2024-2025,tottenham hotspur,manchester united,1,0,H,2.46,3.84,2.73,81,80,81,77,30,23.91,80,80,80,81,26,26.0,25,9,3,13,49,37,30,47.11,44.1,35.29,25,8,5,12,28,35,29,38.73,42.43,33.92
